Info,Version=1.0.0,Template=fx_category_template_EBAY_US,,,,,,,,,,,,,,,,,,,,,,,,,,,,,,,,,,,,,,,,,,,,,,,,,,,,,,,,,,,,,,,,,,,,,,,,,,,
*Action(SiteID=US|Country=US|Currency=USD|Version=1193|CC=UTF-8),CustomLabel,*Category,StoreCategory,*Title,Subtitle,Relationship,RelationshipDetails,ScheduleTime,*ConditionID,*C:Game Name,*C:Platform,C:Publisher,C:Genre,C:Rating,C:Region Code,C:Release Year,C:MPN,C:Unit Quantity,C:Unit Type,C:Video Game Series,C:Features,C:Country of Origin,C:Sub-Genre,C:California Prop 65 Warning,C:Manufacturer Warranty,PicURL,GalleryType,VideoID,*Description,*Format,*Duration,*StartPrice,BuyItNowPrice,BestOfferEnabled,BestOfferAutoAcceptPrice,MinimumBestOfferPrice,*Quantity,ImmediatePayRequired,*Location,ShippingType,ShippingService-1:Option,ShippingService-1:Cost,ShippingService-2:Option,ShippingService-2:Cost,*DispatchTimeMax,PromotionalShippingDiscount,ShippingDiscountProfileID,*ReturnsAcceptedOption,ReturnsWithinOption,RefundOption,ShippingCostPaidByOption,AdditionalDetails,Product Safety Pictograms,Product Safety Statements,Product Safety Component,Regulatory Document Ids,Manufacturer Name,Manufacturer AddressLine1,Manufacturer AddressLine2,Manufacturer City,Manufacturer Country,Manufacturer PostalCode,Manufacturer StateOrProvince,Manufacturer Phone,Manufacturer Email,Manufacturer ContactURL,Responsible Person 1,Responsible Person 1 Type,Responsible Person 1 AddressLine1,Responsible Person 1 AddressLine2,Responsible Person 1 City,Responsible Person 1 Country,Responsible Person 1 PostalCode,Responsible Person 1 StateOrProvince,Responsible Person 1 Phone,Responsible Person 1 Email,Responsible Person 1 ContactURL
Add,ZA_6IV_NON_SHINY_TERRAKION,139973,,6IV Terrakion Legends ZA MEGA DIMENSION DLC (Legends Z-A) - CUSTOM OT,,,,,1000,Pokémon Legends: Z-A,Nintendo Switch,,,,,,,,,,,,,,,https://raw.githubusercontent.com/tallasd/pic/main/output_non_shiny/TERRAKION.png|https://raw.githubusercontent.com/tallasd/pic/main/Gemini_Generated_Image_5sh1k65sh1k65sh1.png,,,"<h1>TERRAKION 6IV + FREE MASTERBALL GIFT</h1><p>Ensure to message me here on eBay your set preferences and your hours of availability so we can arrange the trade session!</p><h3>Before You Buy</h3><ul><li>You must have access to Nintendo Online Subscription</li></ul><h3>Contact information</h3><p>Please contact me via eBay messages or through discord: <strong>takemidelivery</strong></p><h3>How to trade in Pokémon Legends: Z-A</h3><ol><li>Go in-game, Press X, Select <strong>Link Play</strong></li><li>Select <strong>Link Trade</strong>, Select <strong>Faraway Players</strong></li><li>Enter the code we will provide.</li><li>Press &quot;+&quot; and select &quot;Begin Searching&quot;.</li><li>Trade me any pokémon and I will trade you what you have purchased!</li></ol><p><strong>Note:</strong> You are purchasing a digital product in the Pokémon Legends: Z-A game. Nothing physical will be delivered to you! Please understand this before purchasing.</p><hr><p>✅ 100% Legit for Battle &amp; Trade<br>✅ Customizable Moves, Nature, Ball, and More<br>✅ Fast &amp; Secure</p>",FixedPrice,GTC,2.00,,,,,10,,United States,Flat,USPSFirstClass,0,,,3,,,ReturnsNotAccepted,,,,,,,,,,,,,,,,,,,,,,,,,,,,,
Add,ZA_6IV_NON_SHINY_YVELTAL,139973,,6IV Yveltal Legends ZA MEGA DIMENSION DLC (Legends Z-A) - CUSTOM OT,,,,,1000,Pokémon Legends: Z-A,Nintendo Switch,,,,,,,,,,,,,,,https://raw.githubusercontent.com/tallasd/pic/main/output_non_shiny/YVELTAL.png|https://raw.githubusercontent.com/tallasd/pic/main/Gemini_Generated_Image_5sh1k65sh1k65sh1.png,,,"<h1>YVELTAL 6IV + FREE MASTERBALL GIFT</h1><p>Ensure to message me here on eBay your set preferences and your hours of availability so we can arrange the trade session!</p><h3>Before You Buy</h3><ul><li>You must have access to Nintendo Online Subscription</li></ul><h3>Contact information</h3><p>Please contact me via eBay messages or through discord: <strong>takemidelivery</strong></p><h3>How to trade in Pokémon Legends: Z-A</h3><ol><li>Go in-game, Press X, Select <strong>Link Play</strong></li><li>Select <strong>Link Trade</strong>, Select <strong>Faraway Players</strong></li><li>Enter the code we will provide.</li><li>Press &quot;+&quot; and select &quot;Begin Searching&quot;.</li><li>Trade me any pokémon and I will trade you what you have purchased!</li></ol><p><strong>Note:</strong> You are purchasing a digital product in the Pokémon Legends: Z-A game. Nothing physical will be delivered to you! Please understand this before purchasing.</p><hr><p>✅ 100% Legit for Battle &amp; Trade<br>✅ Customizable Moves, Nature, Ball, and More<br>✅ Fast &amp; Secure</p>",FixedPrice,GTC,2.00,,,,,10,,United States,Flat,USPSFirstClass,0,,,3,,,ReturnsNotAccepted,,,,,,,,,,,,,,,,,,,,,,,,,,,,,
Add,ZA_6IV_NON_SHINY_ABRA,139973,,6IV Abra Legends ZA MEGA DIMENSION DLC (Legends Z-A) - CUSTOM OT,,,,,1000,Pokémon Legends: Z-A,Nintendo Switch,,,,,,,,,,,,,,,https://raw.githubusercontent.com/tallasd/pic/main/output_non_shiny/ABRA.png|https://raw.githubusercontent.com/tallasd/pic/main/Gemini_Generated_Image_5sh1k65sh1k65sh1.png,,,"<h1>ABRA 6IV + FREE MASTERBALL GIFT</h1><p>Ensure to message me here on eBay your set preferences and your hours of availability so we can arrange the trade session!</p><h3>Before You Buy</h3><ul><li>You must have access to Nintendo Online Subscription</li></ul><h3>Contact information</h3><p>Please contact me via eBay messages or through discord: <strong>takemidelivery</strong></p><h3>How to trade in Pokémon Legends: Z-A</h3><ol><li>Go in-game, Press X, Select <strong>Link Play</strong></li><li>Select <strong>Link Trade</strong>, Select <strong>Faraway Players</strong></li><li>Enter the code we will provide.</li><li>Press &quot;+&quot; and select &quot;Begin Searching&quot;.</li><li>Trade me any pokémon and I will trade you what you have purchased!</li></ol><p><strong>Note:</strong> You are purchasing a digital product in the Pokémon Legends: Z-A game. Nothing physical will be delivered to you! Please understand this before purchasing.</p><hr><p>✅ 100% Legit for Battle &amp; Trade<br>✅ Customizable Moves, Nature, Ball, and More<br>✅ Fast &amp; Secure</p>",FixedPrice,GTC,2.00,,,,,10,,United States,Flat,USPSFirstClass,0,,,3,,,ReturnsNotAccepted,,,,,,,,,,,,,,,,,,,,,,,,,,,,,
Add,ZA_6IV_NON_SHINY_KELDEO,139973,,6IV Keldeo Legends ZA MEGA DIMENSION DLC (Legends Z-A) - CUSTOM OT,,,,,1000,Pokémon Legends: Z-A,Nintendo Switch,,,,,,,,,,,,,,,https://raw.githubusercontent.com/tallasd/pic/main/output_non_shiny/KELDEO.png|https://raw.githubusercontent.com/tallasd/pic/main/Gemini_Generated_Image_5sh1k65sh1k65sh1.png,,,"<h1>KELDEO 6IV + FREE MASTERBALL GIFT</h1><p>Ensure to message me here on eBay your set preferences and your hours of availability so we can arrange the trade session!</p><h3>Before You Buy</h3><ul><li>You must have access to Nintendo Online Subscription</li></ul><h3>Contact information</h3><p>Please contact me via eBay messages or through discord: <strong>takemidelivery</strong></p><h3>How to trade in Pokémon Legends: Z-A</h3><ol><li>Go in-game, Press X, Select <strong>Link Play</strong></li><li>Select <strong>Link Trade</strong>, Select <strong>Faraway Players</strong></li><li>Enter the code we will provide.</li><li>Press &quot;+&quot; and select &quot;Begin Searching&quot;.</li><li>Trade me any pokémon and I will trade you what you have purchased!</li></ol><p><strong>Note:</strong> You are purchasing a digital product in the Pokémon Legends: Z-A game. Nothing physical will be delivered to you! Please understand this before purchasing.</p><hr><p>✅ 100% Legit for Battle &amp; Trade<br>✅ Customizable Moves, Nature, Ball, and More<br>✅ Fast &amp; Secure</p>",FixedPrice,GTC,2.00,,,,,10,,United States,Flat,USPSFirstClass,0,,,3,,,ReturnsNotAccepted,,,,,,,,,,,,,,,,,,,,,,,,,,,,,
Add,ZA_6IV_NON_SHINY_COBALION,139973,,6IV Cobalion Legends ZA MEGA DIMENSION DLC (Legends Z-A) - CUSTOM OT,,,,,1000,Pokémon Legends: Z-A,Nintendo Switch,,,,,,,,,,,,,,,https://raw.githubusercontent.com/tallasd/pic/main/output_non_shiny/COBALION.png|https://raw.githubusercontent.com/tallasd/pic/main/Gemini_Generated_Image_5sh1k65sh1k65sh1.png,,,"<h1>COBALION 6IV + FREE MASTERBALL GIFT</h1><p>Ensure to message me here on eBay your set preferences and your hours of availability so we can arrange the trade session!</p><h3>Before You Buy</h3><ul><li>You must have access to Nintendo Online Subscription</li></ul><h3>Contact information</h3><p>Please contact me via eBay messages or through discord: <strong>takemidelivery</strong></p><h3>How to trade in Pokémon Legends: Z-A</h3><ol><li>Go in-game, Press X, Select <strong>Link Play</strong></li><li>Select <strong>Link Trade</strong>, Select <strong>Faraway Players</strong></li><li>Enter the code we will provide.</li><li>Press &quot;+&quot; and select &quot;Begin Searching&quot;.</li><li>Trade me any pokémon and I will trade you what you have purchased!</li></ol><p><strong>Note:</strong> You are purchasing a digital product in the Pokémon Legends: Z-A game. Nothing physical will be delivered to you! Please understand this before purchasing.</p><hr><p>✅ 100% Legit for Battle &amp; Trade<br>✅ Customizable Moves, Nature, Ball, and More<br>✅ Fast &amp; Secure</p>",FixedPrice,GTC,2.00,,,,,10,,United States,Flat,USPSFirstClass,0,,,3,,,ReturnsNotAccepted,,,,,,,,,,,,,,,,,,,,,,,,,,,,,
Add,ZA_6IV_NON_SHINY_PUMPKABOO,139973,,6IV Pumpkaboo Legends ZA MEGA DIMENSION DLC (Legends Z-A) - CUSTOM OT,,,,,1000,Pokémon Legends: Z-A,Nintendo Switch,,,,,,,,,,,,,,,https://raw.githubusercontent.com/tallasd/pic/main/output_non_shiny/PUMPKABOO.png|https://raw.githubusercontent.com/tallasd/pic/main/Gemini_Generated_Image_5sh1k65sh1k65sh1.png,,,"<h1>PUMPKABOO 6IV + FREE MASTERBALL GIFT</h1><p>Ensure to message me here on eBay your set preferences and your hours of availability so we can arrange the trade session!</p><h3>Before You Buy</h3><ul><li>You must have access to Nintendo Online Subscription</li></ul><h3>Contact information</h3><p>Please contact me via eBay messages or through discord: <strong>takemidelivery</strong></p><h3>How to trade in Pokémon Legends: Z-A</h3><ol><li>Go in-game, Press X, Select <strong>Link Play</strong></li><li>Select <strong>Link Trade</strong>, Select <strong>Faraway Players</strong></li><li>Enter the code we will provide.</li><li>Press &quot;+&quot; and select &quot;Begin Searching&quot;.</li><li>Trade me any pokémon and I will trade you what you have purchased!</li></ol><p><strong>Note:</strong> You are purchasing a digital product in the Pokémon Legends: Z-A game. Nothing physical will be delivered to you! Please understand this before purchasing.</p><hr><p>✅ 100% Legit for Battle &amp; Trade<br>✅ Customizable Moves, Nature, Ball, and More<br>✅ Fast &amp; Secure</p>",FixedPrice,GTC,2.00,,,,,10,,United States,Flat,USPSFirstClass,0,,,3,,,ReturnsNotAccepted,,,,,,,,,,,,,,,,,,,,,,,,,,,,,
Add,ZA_6IV_NON_SHINY_SLOWPOKE,139973,,6IV Slowpoke Legends ZA MEGA DIMENSION DLC (Legends Z-A) - CUSTOM OT,,,,,1000,Pokémon Legends: Z-A,Nintendo Switch,,,,,,,,,,,,,,,https://raw.githubusercontent.com/tallasd/pic/main/output_non_shiny/SLOWPOKE.png|https://raw.githubusercontent.com/tallasd/pic/main/Gemini_Generated_Image_5sh1k65sh1k65sh1.png,,,"<h1>SLOWPOKE 6IV + FREE MASTERBALL GIFT</h1><p>Ensure to message me here on eBay your set preferences and your hours of availability so we can arrange the trade session!</p><h3>Before You Buy</h3><ul><li>You must have access to Nintendo Online Subscription</li></ul><h3>Contact information</h3><p>Please contact me via eBay messages or through discord: <strong>takemidelivery</strong></p><h3>How to trade in Pokémon Legends: Z-A</h3><ol><li>Go in-game, Press X, Select <strong>Link Play</strong></li><li>Select <strong>Link Trade</strong>, Select <strong>Faraway Players</strong></li><li>Enter the code we will provide.</li><li>Press &quot;+&quot; and select &quot;Begin Searching&quot;.</li><li>Trade me any pokémon and I will trade you what you have purchased!</li></ol><p><strong>Note:</strong> You are purchasing a digital product in the Pokémon Legends: Z-A game. Nothing physical will be delivered to you! Please understand this before purchasing.</p><hr><p>✅ 100% Legit for Battle &amp; Trade<br>✅ Customizable Moves, Nature, Ball, and More<br>✅ Fast &amp; Secure</p>",FixedPrice,GTC,2.00,,,,,10,,United States,Flat,USPSFirstClass,0,,,3,,,ReturnsNotAccepted,,,,,,,,,,,,,,,,,,,,,,,,,,,,,
Add,ZA_6IV_NON_SHINY_XERNEAS,139973,,6IV Xerneas Legends ZA MEGA DIMENSION DLC (Legends Z-A) - CUSTOM OT,,,,,1000,Pokémon Legends: Z-A,Nintendo Switch,,,,,,,,,,,,,,,https://raw.githubusercontent.com/tallasd/pic/main/output_non_shiny/XERNEAS.png|https://raw.githubusercontent.com/tallasd/pic/main/Gemini_Generated_Image_5sh1k65sh1k65sh1.png,,,"<h1>XERNEAS 6IV + FREE MASTERBALL GIFT</h1><p>Ensure to message me here on eBay your set preferences and your hours of availability so we can arrange the trade session!</p><h3>Before You Buy</h3><ul><li>You must have access to Nintendo Online Subscription</li></ul><h3>Contact information</h3><p>Please contact me via eBay messages or through discord: <strong>takemidelivery</strong></p><h3>How to trade in Pokémon Legends: Z-A</h3><ol><li>Go in-game, Press X, Select <strong>Link Play</strong></li><li>Select <strong>Link Trade</strong>, Select <strong>Faraway Players</strong></li><li>Enter the code we will provide.</li><li>Press &quot;+&quot; and select &quot;Begin Searching&quot;.</li><li>Trade me any pokémon and I will trade you what you have purchased!</li></ol><p><strong>Note:</strong> You are purchasing a digital product in the Pokémon Legends: Z-A game. Nothing physical will be delivered to you! Please understand this before purchasing.</p><hr><p>✅ 100% Legit for Battle &amp; Trade<br>✅ Customizable Moves, Nature, Ball, and More<br>✅ Fast &amp; Secure</p>",FixedPrice,GTC,2.00,,,,,10,,United States,Flat,USPSFirstClass,0,,,3,,,ReturnsNotAccepted,,,,,,,,,,,,,,,,,,,,,,,,,,,,,
Add,ZA_6IV_NON_SHINY_GROUDON,139973,,6IV Groudon Legends ZA MEGA DIMENSION DLC (Legends Z-A) - CUSTOM OT,,,,,1000,Pokémon Legends: Z-A,Nintendo Switch,,,,,,,,,,,,,,,https://raw.githubusercontent.com/tallasd/pic/main/output_non_shiny/GROUDON.png|https://raw.githubusercontent.com/tallasd/pic/main/Gemini_Generated_Image_5sh1k65sh1k65sh1.png,,,"<h1>GROUDON 6IV + FREE MASTERBALL GIFT</h1><p>Ensure to message me here on eBay your set preferences and your hours of availability so we can arrange the trade session!</p><h3>Before You Buy</h3><ul><li>You must have access to Nintendo Online Subscription</li></ul><h3>Contact information</h3><p>Please contact me via eBay messages or through discord: <strong>takemidelivery</strong></p><h3>How to trade in Pokémon Legends: Z-A</h3><ol><li>Go in-game, Press X, Select <strong>Link Play</strong></li><li>Select <strong>Link Trade</strong>, Select <strong>Faraway Players</strong></li><li>Enter the code we will provide.</li><li>Press &quot;+&quot; and select &quot;Begin Searching&quot;.</li><li>Trade me any pokémon and I will trade you what you have purchased!</li></ol><p><strong>Note:</strong> You are purchasing a digital product in the Pokémon Legends: Z-A game. Nothing physical will be delivered to you! Please understand this before purchasing.</p><hr><p>✅ 100% Legit for Battle &amp; Trade<br>✅ Customizable Moves, Nature, Ball, and More<br>✅ Fast &amp; Secure</p>",FixedPrice,GTC,2.00,,,,,10,,United States,Flat,USPSFirstClass,0,,,3,,,ReturnsNotAccepted,,,,,,,,,,,,,,,,,,,,,,,,,,,,,
Add,ZA_6IV_NON_SHINY_GOGOAT,139973,,6IV Gogoat Legends ZA MEGA DIMENSION DLC (Legends Z-A) - CUSTOM OT,,,,,1000,Pokémon Legends: Z-A,Nintendo Switch,,,,,,,,,,,,,,,https://raw.githubusercontent.com/tallasd/pic/main/output_non_shiny/GOGOAT.png|https://raw.githubusercontent.com/tallasd/pic/main/Gemini_Generated_Image_5sh1k65sh1k65sh1.png,,,"<h1>GOGOAT 6IV + FREE MASTERBALL GIFT</h1><p>Ensure to message me here on eBay your set preferences and your hours of availability so we can arrange the trade session!</p><h3>Before You Buy</h3><ul><li>You must have access to Nintendo Online Subscription</li></ul><h3>Contact information</h3><p>Please contact me via eBay messages or through discord: <strong>takemidelivery</strong></p><h3>How to trade in Pokémon Legends: Z-A</h3><ol><li>Go in-game, Press X, Select <strong>Link Play</strong></li><li>Select <strong>Link Trade</strong>, Select <strong>Faraway Players</strong></li><li>Enter the code we will provide.</li><li>Press &quot;+&quot; and select &quot;Begin Searching&quot;.</li><li>Trade me any pokémon and I will trade you what you have purchased!</li></ol><p><strong>Note:</strong> You are purchasing a digital product in the Pokémon Legends: Z-A game. Nothing physical will be delivered to you! Please understand this before purchasing.</p><hr><p>✅ 100% Legit for Battle &amp; Trade<br>✅ Customizable Moves, Nature, Ball, and More<br>✅ Fast &amp; Secure</p>",FixedPrice,GTC,2.00,,,,,10,,United States,Flat,USPSFirstClass,0,,,3,,,ReturnsNotAccepted,,,,,,,,,,,,,,,,,,,,,,,,,,,,,
Add,ZA_6IV_NON_SHINY_ZYGARDE,139973,,6IV Zygarde Legends ZA MEGA DIMENSION DLC (Legends Z-A) - CUSTOM OT,,,,,1000,Pokémon Legends: Z-A,Nintendo Switch,,,,,,,,,,,,,,,https://raw.githubusercontent.com/tallasd/pic/main/output_non_shiny/ZYGARDE.png|https://raw.githubusercontent.com/tallasd/pic/main/Gemini_Generated_Image_5sh1k65sh1k65sh1.png,,,"<h1>ZYGARDE 6IV + FREE MASTERBALL GIFT</h1><p>Ensure to message me here on eBay your set preferences and your hours of availability so we can arrange the trade session!</p><h3>Before You Buy</h3><ul><li>You must have access to Nintendo Online Subscription</li></ul><h3>Contact information</h3><p>Please contact me via eBay messages or through discord: <strong>takemidelivery</strong></p><h3>How to trade in Pokémon Legends: Z-A</h3><ol><li>Go in-game, Press X, Select <strong>Link Play</strong></li><li>Select <strong>Link Trade</strong>, Select <strong>Faraway Players</strong></li><li>Enter the code we will provide.</li><li>Press &quot;+&quot; and select &quot;Begin Searching&quot;.</li><li>Trade me any pokémon and I will trade you what you have purchased!</li></ol><p><strong>Note:</strong> You are purchasing a digital product in the Pokémon Legends: Z-A game. Nothing physical will be delivered to you! Please understand this before purchasing.</p><hr><p>✅ 100% Legit for Battle &amp; Trade<br>✅ Customizable Moves, Nature, Ball, and More<br>✅ Fast &amp; Secure</p>",FixedPrice,GTC,2.00,,,,,10,,United States,Flat,USPSFirstClass,0,,,3,,,ReturnsNotAccepted,,,,,,,,,,,,,,,,,,,,,,,,,,,,,
Add,ZA_6IV_NON_SHINY_HEATRAN,139973,,6IV Heatran Legends ZA MEGA DIMENSION DLC (Legends Z-A) - CUSTOM OT,,,,,1000,Pokémon Legends: Z-A,Nintendo Switch,,,,,,,,,,,,,,,https://raw.githubusercontent.com/tallasd/pic/main/output_non_shiny/HEATRAN.png|https://raw.githubusercontent.com/tallasd/pic/main/Gemini_Generated_Image_5sh1k65sh1k65sh1.png,,,"<h1>HEATRAN 6IV + FREE MASTERBALL GIFT</h1><p>Ensure to message me here on eBay your set preferences and your hours of availability so we can arrange the trade session!</p><h3>Before You Buy</h3><ul><li>You must have access to Nintendo Online Subscription</li></ul><h3>Contact information</h3><p>Please contact me via eBay messages or through discord: <strong>takemidelivery</strong></p><h3>How to trade in Pokémon Legends: Z-A</h3><ol><li>Go in-game, Press X, Select <strong>Link Play</strong></li><li>Select <strong>Link Trade</strong>, Select <strong>Faraway Players</strong></li><li>Enter the code we will provide.</li><li>Press &quot;+&quot; and select &quot;Begin Searching&quot;.</li><li>Trade me any pokémon and I will trade you what you have purchased!</li></ol><p><strong>Note:</strong> You are purchasing a digital product in the Pokémon Legends: Z-A game. Nothing physical will be delivered to you! Please understand this before purchasing.</p><hr><p>✅ 100% Legit for Battle &amp; Trade<br>✅ Customizable Moves, Nature, Ball, and More<br>✅ Fast &amp; Secure</p>",FixedPrice,GTC,2.00,,,,,10,,United States,Flat,USPSFirstClass,0,,,3,,,ReturnsNotAccepted,,,,,,,,,,,,,,,,,,,,,,,,,,,,,
Add,ZA_6IV_NON_SHINY_VIVILLON,139973,,6IV Vivillon Legends ZA MEGA DIMENSION DLC (Legends Z-A) - CUSTOM OT,,,,,1000,Pokémon Legends: Z-A,Nintendo Switch,,,,,,,,,,,,,,,https://raw.githubusercontent.com/tallasd/pic/main/output_non_shiny/VIVILLON.png|https://raw.githubusercontent.com/tallasd/pic/main/Gemini_Generated_Image_5sh1k65sh1k65sh1.png,,,"<h1>VIVILLON 6IV + FREE MASTERBALL GIFT</h1><p>Ensure to message me here on eBay your set preferences and your hours of availability so we can arrange the trade session!</p><h3>Before You Buy</h3><ul><li>You must have access to Nintendo Online Subscription</li></ul><h3>Contact information</h3><p>Please contact me via eBay messages or through discord: <strong>takemidelivery</strong></p><h3>How to trade in Pokémon Legends: Z-A</h3><ol><li>Go in-game, Press X, Select <strong>Link Play</strong></li><li>Select <strong>Link Trade</strong>, Select <strong>Faraway Players</strong></li><li>Enter the code we will provide.</li><li>Press &quot;+&quot; and select &quot;Begin Searching&quot;.</li><li>Trade me any pokémon and I will trade you what you have purchased!</li></ol><p><strong>Note:</strong> You are purchasing a digital product in the Pokémon Legends: Z-A game. Nothing physical will be delivered to you! Please understand this before purchasing.</p><hr><p>✅ 100% Legit for Battle &amp; Trade<br>✅ Customizable Moves, Nature, Ball, and More<br>✅ Fast &amp; Secure</p>",FixedPrice,GTC,2.00,,,,,10,,United States,Flat,USPSFirstClass,0,,,3,,,ReturnsNotAccepted,,,,,,,,,,,,,,,,,,,,,,,,,,,,,
Add,ZA_6IV_NON_SHINY_SHUPPET,139973,,6IV Shuppet Legends ZA MEGA DIMENSION DLC (Legends Z-A) - CUSTOM OT,,,,,1000,Pokémon Legends: Z-A,Nintendo Switch,,,,,,,,,,,,,,,https://raw.githubusercontent.com/tallasd/pic/main/output_non_shiny/SHUPPET.png|https://raw.githubusercontent.com/tallasd/pic/main/Gemini_Generated_Image_5sh1k65sh1k65sh1.png,,,"<h1>SHUPPET 6IV + FREE MASTERBALL GIFT</h1><p>Ensure to message me here on eBay your set preferences and your hours of availability so we can arrange the trade session!</p><h3>Before You Buy</h3><ul><li>You must have access to Nintendo Online Subscription</li></ul><h3>Contact information</h3><p>Please contact me via eBay messages or through discord: <strong>takemidelivery</strong></p><h3>How to trade in Pokémon Legends: Z-A</h3><ol><li>Go in-game, Press X, Select <strong>Link Play</strong></li><li>Select <strong>Link Trade</strong>, Select <strong>Faraway Players</strong></li><li>Enter the code we will provide.</li><li>Press &quot;+&quot; and select &quot;Begin Searching&quot;.</li><li>Trade me any pokémon and I will trade you what you have purchased!</li></ol><p><strong>Note:</strong> You are purchasing a digital product in the Pokémon Legends: Z-A game. Nothing physical will be delivered to you! Please understand this before purchasing.</p><hr><p>✅ 100% Legit for Battle &amp; Trade<br>✅ Customizable Moves, Nature, Ball, and More<br>✅ Fast &amp; Secure</p>",FixedPrice,GTC,2.00,,,,,10,,United States,Flat,USPSFirstClass,0,,,3,,,ReturnsNotAccepted,,,,,,,,,,,,,,,,,,,,,,,,,,,,,
Add,ZA_6IV_NON_SHINY_LATIAS,139973,,6IV Latias Legends ZA MEGA DIMENSION DLC (Legends Z-A) - CUSTOM OT,,,,,1000,Pokémon Legends: Z-A,Nintendo Switch,,,,,,,,,,,,,,,https://raw.githubusercontent.com/tallasd/pic/main/output_non_shiny/LATIAS.png|https://raw.githubusercontent.com/tallasd/pic/main/Gemini_Generated_Image_5sh1k65sh1k65sh1.png,,,"<h1>LATIAS 6IV + FREE MASTERBALL GIFT</h1><p>Ensure to message me here on eBay your set preferences and your hours of availability so we can arrange the trade session!</p><h3>Before You Buy</h3><ul><li>You must have access to Nintendo Online Subscription</li></ul><h3>Contact information</h3><p>Please contact me via eBay messages or through discord: <strong>takemidelivery</strong></p><h3>How to trade in Pokémon Legends: Z-A</h3><ol><li>Go in-game, Press X, Select <strong>Link Play</strong></li><li>Select <strong>Link Trade</strong>, Select <strong>Faraway Players</strong></li><li>Enter the code we will provide.</li><li>Press &quot;+&quot; and select &quot;Begin Searching&quot;.</li><li>Trade me any pokémon and I will trade you what you have purchased!</li></ol><p><strong>Note:</strong> You are purchasing a digital product in the Pokémon Legends: Z-A game. Nothing physical will be delivered to you! Please understand this before purchasing.</p><hr><p>✅ 100% Legit for Battle &amp; Trade<br>✅ Customizable Moves, Nature, Ball, and More<br>✅ Fast &amp; Secure</p>",FixedPrice,GTC,2.00,,,,,10,,United States,Flat,USPSFirstClass,0,,,3,,,ReturnsNotAccepted,,,,,,,,,,,,,,,,,,,,,,,,,,,,,
Add,ZA_6IV_NON_SHINY_LATIOS,139973,,6IV Latios Legends ZA MEGA DIMENSION DLC (Legends Z-A) - CUSTOM OT,,,,,1000,Pokémon Legends: Z-A,Nintendo Switch,,,,,,,,,,,,,,,https://raw.githubusercontent.com/tallasd/pic/main/output_non_shiny/LATIOS.png|https://raw.githubusercontent.com/tallasd/pic/main/Gemini_Generated_Image_5sh1k65sh1k65sh1.png,,,"<h1>LATIOS 6IV + FREE MASTERBALL GIFT</h1><p>Ensure to message me here on eBay your set preferences and your hours of availability so we can arrange the trade session!</p><h3>Before You Buy</h3><ul><li>You must have access to Nintendo Online Subscription</li></ul><h3>Contact information</h3><p>Please contact me via eBay messages or through discord: <strong>takemidelivery</strong></p><h3>How to trade in Pokémon Legends: Z-A</h3><ol><li>Go in-game, Press X, Select <strong>Link Play</strong></li><li>Select <strong>Link Trade</strong>, Select <strong>Faraway Players</strong></li><li>Enter the code we will provide.</li><li>Press &quot;+&quot; and select &quot;Begin Searching&quot;.</li><li>Trade me any pokémon and I will trade you what you have purchased!</li></ol><p><strong>Note:</strong> You are purchasing a digital product in the Pokémon Legends: Z-A game. Nothing physical will be delivered to you! Please understand this before purchasing.</p><hr><p>✅ 100% Legit for Battle &amp; Trade<br>✅ Customizable Moves, Nature, Ball, and More<br>✅ Fast &amp; Secure</p>",FixedPrice,GTC,2.00,,,,,10,,United States,Flat,USPSFirstClass,0,,,3,,,ReturnsNotAccepted,,,,,,,,,,,,,,,,,,,,,,,,,,,,,
Add,ZA_6IV_NON_SHINY_ZERAORA,139973,,6IV Zeraora Legends ZA MEGA DIMENSION DLC (Legends Z-A) - CUSTOM OT,,,,,1000,Pokémon Legends: Z-A,Nintendo Switch,,,,,,,,,,,,,,,https://raw.githubusercontent.com/tallasd/pic/main/output_non_shiny/ZERAORA.png|https://raw.githubusercontent.com/tallasd/pic/main/Gemini_Generated_Image_5sh1k65sh1k65sh1.png,,,"<h1>ZERAORA 6IV + FREE MASTERBALL GIFT</h1><p>Ensure to message me here on eBay your set preferences and your hours of availability so we can arrange the trade session!</p><h3>Before You Buy</h3><ul><li>You must have access to Nintendo Online Subscription</li></ul><h3>Contact information</h3><p>Please contact me via eBay messages or through discord: <strong>takemidelivery</strong></p><h3>How to trade in Pokémon Legends: Z-A</h3><ol><li>Go in-game, Press X, Select <strong>Link Play</strong></li><li>Select <strong>Link Trade</strong>, Select <strong>Faraway Players</strong></li><li>Enter the code we will provide.</li><li>Press &quot;+&quot; and select &quot;Begin Searching&quot;.</li><li>Trade me any pokémon and I will trade you what you have purchased!</li></ol><p><strong>Note:</strong> You are purchasing a digital product in the Pokémon Legends: Z-A game. Nothing physical will be delivered to you! Please understand this before purchasing.</p><hr><p>✅ 100% Legit for Battle &amp; Trade<br>✅ Customizable Moves, Nature, Ball, and More<br>✅ Fast &amp; Secure</p>",FixedPrice,GTC,2.00,,,,,10,,United States,Flat,USPSFirstClass,0,,,3,,,ReturnsNotAccepted,,,,,,,,,,,,,,,,,,,,,,,,,,,,,
Add,ZA_6IV_NON_SHINY_VIRIZION,139973,,6IV Virizion Legends ZA MEGA DIMENSION DLC (Legends Z-A) - CUSTOM OT,,,,,1000,Pokémon Legends: Z-A,Nintendo Switch,,,,,,,,,,,,,,,https://raw.githubusercontent.com/tallasd/pic/main/output_non_shiny/VIRIZION.png|https://raw.githubusercontent.com/tallasd/pic/main/Gemini_Generated_Image_5sh1k65sh1k65sh1.png,,,"<h1>VIRIZION 6IV + FREE MASTERBALL GIFT</h1><p>Ensure to message me here on eBay your set preferences and your hours of availability so we can arrange the trade session!</p><h3>Before You Buy</h3><ul><li>You must have access to Nintendo Online Subscription</li></ul><h3>Contact information</h3><p>Please contact me via eBay messages or through discord: <strong>takemidelivery</strong></p><h3>How to trade in Pokémon Legends: Z-A</h3><ol><li>Go in-game, Press X, Select <strong>Link Play</strong></li><li>Select <strong>Link Trade</strong>, Select <strong>Faraway Players</strong></li><li>Enter the code we will provide.</li><li>Press &quot;+&quot; and select &quot;Begin Searching&quot;.</li><li>Trade me any pokémon and I will trade you what you have purchased!</li></ol><p><strong>Note:</strong> You are purchasing a digital product in the Pokémon Legends: Z-A game. Nothing physical will be delivered to you! Please understand this before purchasing.</p><hr><p>✅ 100% Legit for Battle &amp; Trade<br>✅ Customizable Moves, Nature, Ball, and More<br>✅ Fast &amp; Secure</p>",FixedPrice,GTC,2.00,,,,,10,,United States,Flat,USPSFirstClass,0,,,3,,,ReturnsNotAccepted,,,,,,,,,,,,,,,,,,,,,,,,,,,,,
Add,ZA_6IV_NON_SHINY_VOLCANION,139973,,6IV Volcanion Legends ZA MEGA DIMENSION DLC (Legends Z-A) - CUSTOM OT,,,,,1000,Pokémon Legends: Z-A,Nintendo Switch,,,,,,,,,,,,,,,https://raw.githubusercontent.com/tallasd/pic/main/output_non_shiny/VOLCANION.png|https://raw.githubusercontent.com/tallasd/pic/main/Gemini_Generated_Image_5sh1k65sh1k65sh1.png,,,"<h1>VOLCANION 6IV + FREE MASTERBALL GIFT</h1><p>Ensure to message me here on eBay your set preferences and your hours of availability so we can arrange the trade session!</p><h3>Before You Buy</h3><ul><li>You must have access to Nintendo Online Subscription</li></ul><h3>Contact information</h3><p>Please contact me via eBay messages or through discord: <strong>takemidelivery</strong></p><h3>How to trade in Pokémon Legends: Z-A</h3><ol><li>Go in-game, Press X, Select <strong>Link Play</strong></li><li>Select <strong>Link Trade</strong>, Select <strong>Faraway Players</strong></li><li>Enter the code we will provide.</li><li>Press &quot;+&quot; and select &quot;Begin Searching&quot;.</li><li>Trade me any pokémon and I will trade you what you have purchased!</li></ol><p><strong>Note:</strong> You are purchasing a digital product in the Pokémon Legends: Z-A game. Nothing physical will be delivered to you! Please understand this before purchasing.</p><hr><p>✅ 100% Legit for Battle &amp; Trade<br>✅ Customizable Moves, Nature, Ball, and More<br>✅ Fast &amp; Secure</p>",FixedPrice,GTC,2.00,,,,,10,,United States,Flat,USPSFirstClass,0,,,3,,,ReturnsNotAccepted,,,,,,,,,,,,,,,,,,,,,,,,,,,,,
Add,ZA_6IV_NON_SHINY_RAYQUAZA,139973,,6IV Rayquaza Legends ZA MEGA DIMENSION DLC (Legends Z-A) - CUSTOM OT,,,,,1000,Pokémon Legends: Z-A,Nintendo Switch,,,,,,,,,,,,,,,https://raw.githubusercontent.com/tallasd/pic/main/output_non_shiny/RAYQUAZA.png|https://raw.githubusercontent.com/tallasd/pic/main/Gemini_Generated_Image_5sh1k65sh1k65sh1.png,,,"<h1>RAYQUAZA 6IV + FREE MASTERBALL GIFT</h1><p>Ensure to message me here on eBay your set preferences and your hours of availability so we can arrange the trade session!</p><h3>Before You Buy</h3><ul><li>You must have access to Nintendo Online Subscription</li></ul><h3>Contact information</h3><p>Please contact me via eBay messages or through discord: <strong>takemidelivery</strong></p><h3>How to trade in Pokémon Legends: Z-A</h3><ol><li>Go in-game, Press X, Select <strong>Link Play</strong></li><li>Select <strong>Link Trade</strong>, Select <strong>Faraway Players</strong></li><li>Enter the code we will provide.</li><li>Press &quot;+&quot; and select &quot;Begin Searching&quot;.</li><li>Trade me any pokémon and I will trade you what you have purchased!</li></ol><p><strong>Note:</strong> You are purchasing a digital product in the Pokémon Legends: Z-A game. Nothing physical will be delivered to you! Please understand this before purchasing.</p><hr><p>✅ 100% Legit for Battle &amp; Trade<br>✅ Customizable Moves, Nature, Ball, and More<br>✅ Fast &amp; Secure</p>",FixedPrice,GTC,2.00,,,,,10,,United States,Flat,USPSFirstClass,0,,,3,,,ReturnsNotAccepted,,,,,,,,,,,,,,,,,,,,,,,,,,,,,
Add,ZA_6IV_NON_SHINY_MARSHADOW,139973,,6IV Marshadow Legends ZA MEGA DIMENSION DLC (Legends Z-A) - CUSTOM OT,,,,,1000,Pokémon Legends: Z-A,Nintendo Switch,,,,,,,,,,,,,,,https://raw.githubusercontent.com/tallasd/pic/main/output_non_shiny/MARSHADOW.png|https://raw.githubusercontent.com/tallasd/pic/main/Gemini_Generated_Image_5sh1k65sh1k65sh1.png,,,"<h1>MARSHADOW 6IV + FREE MASTERBALL GIFT</h1><p>Ensure to message me here on eBay your set preferences and your hours of availability so we can arrange the trade session!</p><h3>Before You Buy</h3><ul><li>You must have access to Nintendo Online Subscription</li></ul><h3>Contact information</h3><p>Please contact me via eBay messages or through discord: <strong>takemidelivery</strong></p><h3>How to trade in Pokémon Legends: Z-A</h3><ol><li>Go in-game, Press X, Select <strong>Link Play</strong></li><li>Select <strong>Link Trade</strong>, Select <strong>Faraway Players</strong></li><li>Enter the code we will provide.</li><li>Press &quot;+&quot; and select &quot;Begin Searching&quot;.</li><li>Trade me any pokémon and I will trade you what you have purchased!</li></ol><p><strong>Note:</strong> You are purchasing a digital product in the Pokémon Legends: Z-A game. Nothing physical will be delivered to you! Please understand this before purchasing.</p><hr><p>✅ 100% Legit for Battle &amp; Trade<br>✅ Customizable Moves, Nature, Ball, and More<br>✅ Fast &amp; Secure</p>",FixedPrice,GTC,2.00,,,,,10,,United States,Flat,USPSFirstClass,0,,,3,,,ReturnsNotAccepted,,,,,,,,,,,,,,,,,,,,,,,,,,,,,
Add,ZA_6IV_NON_SHINY_MAGEARNA,139973,,6IV Magearna Legends ZA MEGA DIMENSION DLC (Legends Z-A) - CUSTOM OT,,,,,1000,Pokémon Legends: Z-A,Nintendo Switch,,,,,,,,,,,,,,,https://raw.githubusercontent.com/tallasd/pic/main/output_non_shiny/MAGEARNA.png|https://raw.githubusercontent.com/tallasd/pic/main/Gemini_Generated_Image_5sh1k65sh1k65sh1.png,,,"<h1>MAGEARNA 6IV + FREE MASTERBALL GIFT</h1><p>Ensure to message me here on eBay your set preferences and your hours of availability so we can arrange the trade session!</p><h3>Before You Buy</h3><ul><li>You must have access to Nintendo Online Subscription</li></ul><h3>Contact information</h3><p>Please contact me via eBay messages or through discord: <strong>takemidelivery</strong></p><h3>How to trade in Pokémon Legends: Z-A</h3><ol><li>Go in-game, Press X, Select <strong>Link Play</strong></li><li>Select <strong>Link Trade</strong>, Select <strong>Faraway Players</strong></li><li>Enter the code we will provide.</li><li>Press &quot;+&quot; and select &quot;Begin Searching&quot;.</li><li>Trade me any pokémon and I will trade you what you have purchased!</li></ol><p><strong>Note:</strong> You are purchasing a digital product in the Pokémon Legends: Z-A game. Nothing physical will be delivered to you! Please understand this before purchasing.</p><hr><p>✅ 100% Legit for Battle &amp; Trade<br>✅ Customizable Moves, Nature, Ball, and More<br>✅ Fast &amp; Secure</p>",FixedPrice,GTC,2.00,,,,,10,,United States,Flat,USPSFirstClass,0,,,3,,,ReturnsNotAccepted,,,,,,,,,,,,,,,,,,,,,,,,,,,,,
Add,ZA_6IV_NON_SHINY_KYOGRE,139973,,6IV Kyogre Legends ZA MEGA DIMENSION DLC (Legends Z-A) - CUSTOM OT,,,,,1000,Pokémon Legends: Z-A,Nintendo Switch,,,,,,,,,,,,,,,https://raw.githubusercontent.com/tallasd/pic/main/output_non_shiny/KYOGRE.png|https://raw.githubusercontent.com/tallasd/pic/main/Gemini_Generated_Image_5sh1k65sh1k65sh1.png,,,"<h1>KYOGRE 6IV + FREE MASTERBALL GIFT</h1><p>Ensure to message me here on eBay your set preferences and your hours of availability so we can arrange the trade session!</p><h3>Before You Buy</h3><ul><li>You must have access to Nintendo Online Subscription</li></ul><h3>Contact information</h3><p>Please contact me via eBay messages or through discord: <strong>takemidelivery</strong></p><h3>How to trade in Pokémon Legends: Z-A</h3><ol><li>Go in-game, Press X, Select <strong>Link Play</strong></li><li>Select <strong>Link Trade</strong>, Select <strong>Faraway Players</strong></li><li>Enter the code we will provide.</li><li>Press &quot;+&quot; and select &quot;Begin Searching&quot;.</li><li>Trade me any pokémon and I will trade you what you have purchased!</li></ol><p><strong>Note:</strong> You are purchasing a digital product in the Pokémon Legends: Z-A game. Nothing physical will be delivered to you! Please understand this before purchasing.</p><hr><p>✅ 100% Legit for Battle &amp; Trade<br>✅ Customizable Moves, Nature, Ball, and More<br>✅ Fast &amp; Secure</p>",FixedPrice,GTC,2.00,,,,,10,,United States,Flat,USPSFirstClass,0,,,3,,,ReturnsNotAccepted,,,,,,,,,,,,,,,,,,,,,,,,,,,,,
Add,ZA_6IV_NON_SHINY_GENESECT,139973,,6IV Genesect Legends ZA MEGA DIMENSION DLC (Legends Z-A) - CUSTOM OT,,,,,1000,Pokémon Legends: Z-A,Nintendo Switch,,,,,,,,,,,,,,,https://raw.githubusercontent.com/tallasd/pic/main/output_non_shiny/GENESECT.png|https://raw.githubusercontent.com/tallasd/pic/main/Gemini_Generated_Image_5sh1k65sh1k65sh1.png,,,"<h1>GENESECT 6IV + FREE MASTERBALL GIFT</h1><p>Ensure to message me here on eBay your set preferences and your hours of availability so we can arrange the trade session!</p><h3>Before You Buy</h3><ul><li>You must have access to Nintendo Online Subscription</li></ul><h3>Contact information</h3><p>Please contact me via eBay messages or through discord: <strong>takemidelivery</strong></p><h3>How to trade in Pokémon Legends: Z-A</h3><ol><li>Go in-game, Press X, Select <strong>Link Play</strong></li><li>Select <strong>Link Trade</strong>, Select <strong>Faraway Players</strong></li><li>Enter the code we will provide.</li><li>Press &quot;+&quot; and select &quot;Begin Searching&quot;.</li><li>Trade me any pokémon and I will trade you what you have purchased!</li></ol><p><strong>Note:</strong> You are purchasing a digital product in the Pokémon Legends: Z-A game. Nothing physical will be delivered to you! Please understand this before purchasing.</p><hr><p>✅ 100% Legit for Battle &amp; Trade<br>✅ Customizable Moves, Nature, Ball, and More<br>✅ Fast &amp; Secure</p>",FixedPrice,GTC,2.00,,,,,10,,United States,Flat,USPSFirstClass,0,,,3,,,ReturnsNotAccepted,,,,,,,,,,,,,,,,,,,,,,,,,,,,,
Add,ZA_6IV_NON_SHINY_SPEWPA,139973,,6IV Spewpa Legends ZA MEGA DIMENSION DLC (Legends Z-A) - CUSTOM OT,,,,,1000,Pokémon Legends: Z-A,Nintendo Switch,,,,,,,,,,,,,,,https://raw.githubusercontent.com/tallasd/pic/main/output_non_shiny/SPEWPA.png|https://raw.githubusercontent.com/tallasd/pic/main/Gemini_Generated_Image_5sh1k65sh1k65sh1.png,,,"<h1>SPEWPA 6IV + FREE MASTERBALL GIFT</h1><p>Ensure to message me here on eBay your set preferences and your hours of availability so we can arrange the trade session!</p><h3>Before You Buy</h3><ul><li>You must have access to Nintendo Online Subscription</li></ul><h3>Contact information</h3><p>Please contact me via eBay messages or through discord: <strong>takemidelivery</strong></p><h3>How to trade in Pokémon Legends: Z-A</h3><ol><li>Go in-game, Press X, Select <strong>Link Play</strong></li><li>Select <strong>Link Trade</strong>, Select <strong>Faraway Players</strong></li><li>Enter the code we will provide.</li><li>Press &quot;+&quot; and select &quot;Begin Searching&quot;.</li><li>Trade me any pokémon and I will trade you what you have purchased!</li></ol><p><strong>Note:</strong> You are purchasing a digital product in the Pokémon Legends: Z-A game. Nothing physical will be delivered to you! Please understand this before purchasing.</p><hr><p>✅ 100% Legit for Battle &amp; Trade<br>✅ Customizable Moves, Nature, Ball, and More<br>✅ Fast &amp; Secure</p>",FixedPrice,GTC,2.00,,,,,10,,United States,Flat,USPSFirstClass,0,,,3,,,ReturnsNotAccepted,,,,,,,,,,,,,,,,,,,,,,,,,,,,,
Add,ZA_6IV_NON_SHINY_MELTAN,139973,,6IV Meltan Legends ZA MEGA DIMENSION DLC (Legends Z-A) - CUSTOM OT,,,,,1000,Pokémon Legends: Z-A,Nintendo Switch,,,,,,,,,,,,,,,https://raw.githubusercontent.com/tallasd/pic/main/output_non_shiny/MELTAN.png|https://raw.githubusercontent.com/tallasd/pic/main/Gemini_Generated_Image_5sh1k65sh1k65sh1.png,,,"<h1>MELTAN 6IV + FREE MASTERBALL GIFT</h1><p>Ensure to message me here on eBay your set preferences and your hours of availability so we can arrange the trade session!</p><h3>Before You Buy</h3><ul><li>You must have access to Nintendo Online Subscription</li></ul><h3>Contact information</h3><p>Please contact me via eBay messages or through discord: <strong>takemidelivery</strong></p><h3>How to trade in Pokémon Legends: Z-A</h3><ol><li>Go in-game, Press X, Select <strong>Link Play</strong></li><li>Select <strong>Link Trade</strong>, Select <strong>Faraway Players</strong></li><li>Enter the code we will provide.</li><li>Press &quot;+&quot; and select &quot;Begin Searching&quot;.</li><li>Trade me any pokémon and I will trade you what you have purchased!</li></ol><p><strong>Note:</strong> You are purchasing a digital product in the Pokémon Legends: Z-A game. Nothing physical will be delivered to you! Please understand this before purchasing.</p><hr><p>✅ 100% Legit for Battle &amp; Trade<br>✅ Customizable Moves, Nature, Ball, and More<br>✅ Fast &amp; Secure</p>",FixedPrice,GTC,2.00,,,,,10,,United States,Flat,USPSFirstClass,0,,,3,,,ReturnsNotAccepted,,,,,,,,,,,,,,,,,,,,,,,,,,,,,
Add,ZA_6IV_NON_SHINY_MELMETAL,139973,,6IV Melmetal Legends ZA MEGA DIMENSION DLC (Legends Z-A) - CUSTOM OT,,,,,1000,Pokémon Legends: Z-A,Nintendo Switch,,,,,,,,,,,,,,,https://raw.githubusercontent.com/tallasd/pic/main/output_non_shiny/MELMETAL.png|https://raw.githubusercontent.com/tallasd/pic/main/Gemini_Generated_Image_5sh1k65sh1k65sh1.png,,,"<h1>MELMETAL 6IV + FREE MASTERBALL GIFT</h1><p>Ensure to message me here on eBay your set preferences and your hours of availability so we can arrange the trade session!</p><h3>Before You Buy</h3><ul><li>You must have access to Nintendo Online Subscription</li></ul><h3>Contact information</h3><p>Please contact me via eBay messages or through discord: <strong>takemidelivery</strong></p><h3>How to trade in Pokémon Legends: Z-A</h3><ol><li>Go in-game, Press X, Select <strong>Link Play</strong></li><li>Select <strong>Link Trade</strong>, Select <strong>Faraway Players</strong></li><li>Enter the code we will provide.</li><li>Press &quot;+&quot; and select &quot;Begin Searching&quot;.</li><li>Trade me any pokémon and I will trade you what you have purchased!</li></ol><p><strong>Note:</strong> You are purchasing a digital product in the Pokémon Legends: Z-A game. Nothing physical will be delivered to you! Please understand this before purchasing.</p><hr><p>✅ 100% Legit for Battle &amp; Trade<br>✅ Customizable Moves, Nature, Ball, and More<br>✅ Fast &amp; Secure</p>",FixedPrice,GTC,2.00,,,,,10,,United States,Flat,USPSFirstClass,0,,,3,,,ReturnsNotAccepted,,,,,,,,,,,,,,,,,,,,,,,,,,,,,
Add,ZA_6IV_NON_SHINY_MELOETTA,139973,,6IV Meloetta Legends ZA MEGA DIMENSION DLC (Legends Z-A) - CUSTOM OT,,,,,1000,Pokémon Legends: Z-A,Nintendo Switch,,,,,,,,,,,,,,,https://raw.githubusercontent.com/tallasd/pic/main/output_non_shiny/MELOETTA.png|https://raw.githubusercontent.com/tallasd/pic/main/Gemini_Generated_Image_5sh1k65sh1k65sh1.png,,,"<h1>MELOETTA 6IV + FREE MASTERBALL GIFT</h1><p>Ensure to message me here on eBay your set preferences and your hours of availability so we can arrange the trade session!</p><h3>Before You Buy</h3><ul><li>You must have access to Nintendo Online Subscription</li></ul><h3>Contact information</h3><p>Please contact me via eBay messages or through discord: <strong>takemidelivery</strong></p><h3>How to trade in Pokémon Legends: Z-A</h3><ol><li>Go in-game, Press X, Select <strong>Link Play</strong></li><li>Select <strong>Link Trade</strong>, Select <strong>Faraway Players</strong></li><li>Enter the code we will provide.</li><li>Press &quot;+&quot; and select &quot;Begin Searching&quot;.</li><li>Trade me any pokémon and I will trade you what you have purchased!</li></ol><p><strong>Note:</strong> You are purchasing a digital product in the Pokémon Legends: Z-A game. Nothing physical will be delivered to you! Please understand this before purchasing.</p><hr><p>✅ 100% Legit for Battle &amp; Trade<br>✅ Customizable Moves, Nature, Ball, and More<br>✅ Fast &amp; Secure</p>",FixedPrice,GTC,2.00,,,,,10,,United States,Flat,USPSFirstClass,0,,,3,,,ReturnsNotAccepted,,,,,,,,,,,,,,,,,,,,,,,,,,,,,
Add,ZA_6IV_NON_SHINY_HOOPA,139973,,6IV Hoopa Legends ZA MEGA DIMENSION DLC (Legends Z-A) - CUSTOM OT,,,,,1000,Pokémon Legends: Z-A,Nintendo Switch,,,,,,,,,,,,,,,https://raw.githubusercontent.com/tallasd/pic/main/output_non_shiny/HOOPA.png|https://raw.githubusercontent.com/tallasd/pic/main/Gemini_Generated_Image_5sh1k65sh1k65sh1.png,,,"<h1>HOOPA 6IV + FREE MASTERBALL GIFT</h1><p>Ensure to message me here on eBay your set preferences and your hours of availability so we can arrange the trade session!</p><h3>Before You Buy</h3><ul><li>You must have access to Nintendo Online Subscription</li></ul><h3>Contact information</h3><p>Please contact me via eBay messages or through discord: <strong>takemidelivery</strong></p><h3>How to trade in Pokémon Legends: Z-A</h3><ol><li>Go in-game, Press X, Select <strong>Link Play</strong></li><li>Select <strong>Link Trade</strong>, Select <strong>Faraway Players</strong></li><li>Enter the code we will provide.</li><li>Press &quot;+&quot; and select &quot;Begin Searching&quot;.</li><li>Trade me any pokémon and I will trade you what you have purchased!</li></ol><p><strong>Note:</strong> You are purchasing a digital product in the Pokémon Legends: Z-A game. Nothing physical will be delivered to you! Please understand this before purchasing.</p><hr><p>✅ 100% Legit for Battle &amp; Trade<br>✅ Customizable Moves, Nature, Ball, and More<br>✅ Fast &amp; Secure</p>",FixedPrice,GTC,2.00,,,,,10,,United States,Flat,USPSFirstClass,0,,,3,,,ReturnsNotAccepted,,,,,,,,,,,,,,,,,,,,,,,,,,,,,
Add,ZA_6IV_NON_SHINY_FLOETTE,139973,,6IV Floette Legends ZA MEGA DIMENSION DLC (Legends Z-A) - CUSTOM OT,,,,,1000,Pokémon Legends: Z-A,Nintendo Switch,,,,,,,,,,,,,,,https://raw.githubusercontent.com/tallasd/pic/main/output_non_shiny/FLOETTE.png|https://raw.githubusercontent.com/tallasd/pic/main/Gemini_Generated_Image_5sh1k65sh1k65sh1.png,,,"<h1>FLOETTE 6IV + FREE MASTERBALL GIFT</h1><p>Ensure to message me here on eBay your set preferences and your hours of availability so we can arrange the trade session!</p><h3>Before You Buy</h3><ul><li>You must have access to Nintendo Online Subscription</li></ul><h3>Contact information</h3><p>Please contact me via eBay messages or through discord: <strong>takemidelivery</strong></p><h3>How to trade in Pokémon Legends: Z-A</h3><ol><li>Go in-game, Press X, Select <strong>Link Play</strong></li><li>Select <strong>Link Trade</strong>, Select <strong>Faraway Players</strong></li><li>Enter the code we will provide.</li><li>Press &quot;+&quot; and select &quot;Begin Searching&quot;.</li><li>Trade me any pokémon and I will trade you what you have purchased!</li></ol><p><strong>Note:</strong> You are purchasing a digital product in the Pokémon Legends: Z-A game. Nothing physical will be delivered to you! Please understand this before purchasing.</p><hr><p>✅ 100% Legit for Battle &amp; Trade<br>✅ Customizable Moves, Nature, Ball, and More<br>✅ Fast &amp; Secure</p>",FixedPrice,GTC,2.00,,,,,10,,United States,Flat,USPSFirstClass,0,,,3,,,ReturnsNotAccepted,,,,,,,,,,,,,,,,,,,,,,,,,,,,,
Add,ZA_6IV_NON_SHINY_DIANCIE,139973,,6IV Diancie Legends ZA MEGA DIMENSION DLC (Legends Z-A) - CUSTOM OT,,,,,1000,Pokémon Legends: Z-A,Nintendo Switch,,,,,,,,,,,,,,,https://raw.githubusercontent.com/tallasd/pic/main/output_non_shiny/DIANCIE.png|https://raw.githubusercontent.com/tallasd/pic/main/Gemini_Generated_Image_5sh1k65sh1k65sh1.png,,,"<h1>DIANCIE 6IV + FREE MASTERBALL GIFT</h1><p>Ensure to message me here on eBay your set preferences and your hours of availability so we can arrange the trade session!</p><h3>Before You Buy</h3><ul><li>You must have access to Nintendo Online Subscription</li></ul><h3>Contact information</h3><p>Please contact me via eBay messages or through discord: <strong>takemidelivery</strong></p><h3>How to trade in Pokémon Legends: Z-A</h3><ol><li>Go in-game, Press X, Select <strong>Link Play</strong></li><li>Select <strong>Link Trade</strong>, Select <strong>Faraway Players</strong></li><li>Enter the code we will provide.</li><li>Press &quot;+&quot; and select &quot;Begin Searching&quot;.</li><li>Trade me any pokémon and I will trade you what you have purchased!</li></ol><p><strong>Note:</strong> You are purchasing a digital product in the Pokémon Legends: Z-A game. Nothing physical will be delivered to you! Please understand this before purchasing.</p><hr><p>✅ 100% Legit for Battle &amp; Trade<br>✅ Customizable Moves, Nature, Ball, and More<br>✅ Fast &amp; Secure</p>",FixedPrice,GTC,2.00,,,,,10,,United States,Flat,USPSFirstClass,0,,,3,,,ReturnsNotAccepted,,,,,,,,,,,,,,,,,,,,,,,,,,,,,
Add,ZA_6IV_NON_SHINY_GHOLDENGO,139973,,6IV Gholdengo Legends ZA MEGA DIMENSION DLC (Legends Z-A) - CUSTOM OT,,,,,1000,Pokémon Legends: Z-A,Nintendo Switch,,,,,,,,,,,,,,,https://raw.githubusercontent.com/tallasd/pic/main/output_non_shiny/GHOLDENGO.png|https://raw.githubusercontent.com/tallasd/pic/main/Gemini_Generated_Image_5sh1k65sh1k65sh1.png,,,"<h1>GHOLDENGO 6IV + FREE MASTERBALL GIFT</h1><p>Ensure to message me here on eBay your set preferences and your hours of availability so we can arrange the trade session!</p><h3>Before You Buy</h3><ul><li>You must have access to Nintendo Online Subscription</li></ul><h3>Contact information</h3><p>Please contact me via eBay messages or through discord: <strong>takemidelivery</strong></p><h3>How to trade in Pokémon Legends: Z-A</h3><ol><li>Go in-game, Press X, Select <strong>Link Play</strong></li><li>Select <strong>Link Trade</strong>, Select <strong>Faraway Players</strong></li><li>Enter the code we will provide.</li><li>Press &quot;+&quot; and select &quot;Begin Searching&quot;.</li><li>Trade me any pokémon and I will trade you what you have purchased!</li></ol><p><strong>Note:</strong> You are purchasing a digital product in the Pokémon Legends: Z-A game. Nothing physical will be delivered to you! Please understand this before purchasing.</p><hr><p>✅ 100% Legit for Battle &amp; Trade<br>✅ Customizable Moves, Nature, Ball, and More<br>✅ Fast &amp; Secure</p>",FixedPrice,GTC,2.00,,,,,10,,United States,Flat,USPSFirstClass,0,,,3,,,ReturnsNotAccepted,,,,,,,,,,,,,,,,,,,,,,,,,,,,,
Add,ZA_6IV_NON_SHINY_MEWTWO,139973,,6IV Mewtwo Legends ZA MEGA DIMENSION DLC (Legends Z-A) - CUSTOM OT,,,,,1000,Pokémon Legends: Z-A,Nintendo Switch,,,,,,,,,,,,,,,https://raw.githubusercontent.com/tallasd/pic/main/output_non_shiny/MEWTWO.png|https://raw.githubusercontent.com/tallasd/pic/main/Gemini_Generated_Image_5sh1k65sh1k65sh1.png,,,"<h1>MEWTWO 6IV + FREE MASTERBALL GIFT</h1><p>Ensure to message me here on eBay your set preferences and your hours of availability so we can arrange the trade session!</p><h3>Before You Buy</h3><ul><li>You must have access to Nintendo Online Subscription</li></ul><h3>Contact information</h3><p>Please contact me via eBay messages or through discord: <strong>takemidelivery</strong></p><h3>How to trade in Pokémon Legends: Z-A</h3><ol><li>Go in-game, Press X, Select <strong>Link Play</strong></li><li>Select <strong>Link Trade</strong>, Select <strong>Faraway Players</strong></li><li>Enter the code we will provide.</li><li>Press &quot;+&quot; and select &quot;Begin Searching&quot;.</li><li>Trade me any pokémon and I will trade you what you have purchased!</li></ol><p><strong>Note:</strong> You are purchasing a digital product in the Pokémon Legends: Z-A game. Nothing physical will be delivered to you! Please understand this before purchasing.</p><hr><p>✅ 100% Legit for Battle &amp; Trade<br>✅ Customizable Moves, Nature, Ball, and More<br>✅ Fast &amp; Secure</p>",FixedPrice,GTC,2.00,,,,,10,,United States,Flat,USPSFirstClass,0,,,3,,,ReturnsNotAccepted,,,,,,,,,,,,,,,,,,,,,,,,,,,,,
Add,ZA_6IV_NON_SHINY_DARKRAI,139973,,6IV Darkrai Legends ZA MEGA DIMENSION DLC (Legends Z-A) - CUSTOM OT,,,,,1000,Pokémon Legends: Z-A,Nintendo Switch,,,,,,,,,,,,,,,https://raw.githubusercontent.com/tallasd/pic/main/output_non_shiny/DARKRAI.png|https://raw.githubusercontent.com/tallasd/pic/main/Gemini_Generated_Image_5sh1k65sh1k65sh1.png,,,"<h1>DARKRAI 6IV + FREE MASTERBALL GIFT</h1><p>Ensure to message me here on eBay your set preferences and your hours of availability so we can arrange the trade session!</p><h3>Before You Buy</h3><ul><li>You must have access to Nintendo Online Subscription</li></ul><h3>Contact information</h3><p>Please contact me via eBay messages or through discord: <strong>takemidelivery</strong></p><h3>How to trade in Pokémon Legends: Z-A</h3><ol><li>Go in-game, Press X, Select <strong>Link Play</strong></li><li>Select <strong>Link Trade</strong>, Select <strong>Faraway Players</strong></li><li>Enter the code we will provide.</li><li>Press &quot;+&quot; and select &quot;Begin Searching&quot;.</li><li>Trade me any pokémon and I will trade you what you have purchased!</li></ol><p><strong>Note:</strong> You are purchasing a digital product in the Pokémon Legends: Z-A game. Nothing physical will be delivered to you! Please understand this before purchasing.</p><hr><p>✅ 100% Legit for Battle &amp; Trade<br>✅ Customizable Moves, Nature, Ball, and More<br>✅ Fast &amp; Secure</p>",FixedPrice,GTC,2.00,,,,,10,,United States,Flat,USPSFirstClass,0,,,3,,,ReturnsNotAccepted,,,,,,,,,,,,,,,,,,,,,,,,,,,,,
Add,ZA_6IV_NON_SHINY_RAICHU,139973,,6IV Raichu Legends ZA MEGA DIMENSION DLC (Legends Z-A) - CUSTOM OT,,,,,1000,Pokémon Legends: Z-A,Nintendo Switch,,,,,,,,,,,,,,,https://raw.githubusercontent.com/tallasd/pic/main/output_non_shiny/RAICHU.png|https://raw.githubusercontent.com/tallasd/pic/main/Gemini_Generated_Image_5sh1k65sh1k65sh1.png,,,"<h1>RAICHU 6IV + FREE MASTERBALL GIFT</h1><p>Ensure to message me here on eBay your set preferences and your hours of availability so we can arrange the trade session!</p><h3>Before You Buy</h3><ul><li>You must have access to Nintendo Online Subscription</li></ul><h3>Contact information</h3><p>Please contact me via eBay messages or through discord: <strong>takemidelivery</strong></p><h3>How to trade in Pokémon Legends: Z-A</h3><ol><li>Go in-game, Press X, Select <strong>Link Play</strong></li><li>Select <strong>Link Trade</strong>, Select <strong>Faraway Players</strong></li><li>Enter the code we will provide.</li><li>Press &quot;+&quot; and select &quot;Begin Searching&quot;.</li><li>Trade me any pokémon and I will trade you what you have purchased!</li></ol><p><strong>Note:</strong> You are purchasing a digital product in the Pokémon Legends: Z-A game. Nothing physical will be delivered to you! Please understand this before purchasing.</p><hr><p>✅ 100% Legit for Battle &amp; Trade<br>✅ Customizable Moves, Nature, Ball, and More<br>✅ Fast &amp; Secure</p>",FixedPrice,GTC,2.00,,,,,10,,United States,Flat,USPSFirstClass,0,,,3,,,ReturnsNotAccepted,,,,,,,,,,,,,,,,,,,,,,,,,,,,,
