Info,Version=1.0.0,Template=fx_category_template_EBAY_US
*Action(SiteID=US|Country=US|Currency=USD|Version=1193|CC=UTF-8),CustomLabel,*Category,StoreCategory,*Title,Subtitle,Relationship,RelationshipDetails,ScheduleTime,*ConditionID,*C:Game Name,*C:Platform,C:Publisher,C:Genre,C:Rating,C:Region Code,C:Release Year,C:MPN,C:Unit Quantity,C:Unit Type,C:Video Game Series,C:Features,C:Country of Origin,C:Sub-Genre,C:California Prop 65 Warning,C:Manufacturer Warranty,PicURL,GalleryType,VideoID,*Description,*Format,*Duration,*StartPrice,BuyItNowPrice,BestOfferEnabled,BestOfferAutoAcceptPrice,MinimumBestOfferPrice,*Quantity,ImmediatePayRequired,*Location,ShippingType,ShippingService-1:Option,ShippingService-1:Cost,ShippingService-2:Option,ShippingService-2:Cost,*DispatchTimeMax,PromotionalShippingDiscount,ShippingDiscountProfileID,*ReturnsAcceptedOption,ReturnsWithinOption,RefundOption,ShippingCostPaidByOption,AdditionalDetails,Product Safety Pictograms,Product Safety Statements,Product Safety Component,Regulatory Document Ids,Manufacturer Name,Manufacturer AddressLine1,Manufacturer AddressLine2,Manufacturer City,Manufacturer Country,Manufacturer PostalCode,Manufacturer StateOrProvince,Manufacturer Phone,Manufacturer Email,Manufacturer ContactURL,Responsible Person 1,Responsible Person 1 Type,Responsible Person 1 AddressLine1,Responsible Person 1 AddressLine2,Responsible Person 1 City,Responsible Person 1 Country,Responsible Person 1 PostalCode,Responsible Person 1 StateOrProvince,Responsible Person 1 Phone,Responsible Person 1 Email,Responsible Person 1 ContactURL
Add,,139973,,6IV Shiny Armarouge Legends ZA MEGA DIMENSION DLC (Legends Z-A) - CUSTOM OT,,,,,1000,Pokémon Legends: Z-A,Nintendo Switch,,,,,,,,,,,,,,,D:\chromedownload\批量产图\output\output_Armarouge.png|D:\chromedownload\批量产图\Gemini_Generated_Image_5sh1k65sh1k65sh1.png,,,"<h1>SHINY ARMAROUGE 6IV + FREE MASTERBALL GIFT</h1>
<p>Purchasing the DLC is not required; trades can also be made with players who do not own it.</p>
<p><strong>How to trade in Pokémon Legends Z-A:</strong></p>
<p>Press ""+"" and select ""Begin Searching"".</p>",FixedPrice,GTC,4.49,,,,,10,,China,,,,,,3,,,ReturnsNotAccepted,,,,,,,,,,,,,,,,,,,,,,,,,,,,,
Add,,139973,,6IV Shiny Latios Legends ZA MEGA DIMENSION DLC (Legends Z-A) - CUSTOM OT,,,,,1000,Pokémon Legends: Z-A,Nintendo Switch,,,,,,,,,,,,,,,D:\chromedownload\批量产图\output\output_Latios.png|D:\chromedownload\批量产图\Gemini_Generated_Image_5sh1k65sh1k65sh1.png,,,"<h1>SHINY LATIOS 6IV + FREE MASTERBALL GIFT</h1>
<p>Purchasing the DLC is not required; trades can also be made with players who do not own it.</p>
<p><strong>How to trade in Pokémon Legends Z-A:</strong></p>
<p>Press ""+"" and select ""Begin Searching"".</p>",FixedPrice,GTC,4.49,,,,,10,,China,,,,,,3,,,ReturnsNotAccepted,,,,,,,,,,,,,,,,,,,,,,,,,,,,,
Add,,139973,,6IV Shiny Tatsugiri Legends ZA MEGA DIMENSION DLC (Legends Z-A) - CUSTOM OT,,,,,1000,Pokémon Legends: Z-A,Nintendo Switch,,,,,,,,,,,,,,,D:\chromedownload\批量产图\output\output_Tatsugiri.png|D:\chromedownload\批量产图\Gemini_Generated_Image_5sh1k65sh1k65sh1.png,,,"<h1>SHINY TATSUGIRI 6IV + FREE MASTERBALL GIFT</h1>
<p>Purchasing the DLC is not required; trades can also be made with players who do not own it.</p>
<p><strong>How to trade in Pokémon Legends Z-A:</strong></p>
<p>Press ""+"" and select ""Begin Searching"".</p>",FixedPrice,GTC,4.49,,,,,10,,China,,,,,,3,,,ReturnsNotAccepted,,,,,,,,,,,,,,,,,,,,,,,,,,,,,
Add,,139973,,6IV Shiny Milotic Legends ZA MEGA DIMENSION DLC (Legends Z-A) - CUSTOM OT,,,,,1000,Pokémon Legends: Z-A,Nintendo Switch,,,,,,,,,,,,,,,D:\chromedownload\批量产图\output\output_Milotic.png|D:\chromedownload\批量产图\Gemini_Generated_Image_5sh1k65sh1k65sh1.png,,,"<h1>SHINY MILOTIC 6IV + FREE MASTERBALL GIFT</h1>
<p>Purchasing the DLC is not required; trades can also be made with players who do not own it.</p>
<p><strong>How to trade in Pokémon Legends Z-A:</strong></p>
<p>Press ""+"" and select ""Begin Searching"".</p>",FixedPrice,GTC,4.49,,,,,10,,China,,,,,,3,,,ReturnsNotAccepted,,,,,,,,,,,,,,,,,,,,,,,,,,,,,
Add,,139973,,6IV Shiny Latias Legends ZA MEGA DIMENSION DLC (Legends Z-A) - CUSTOM OT,,,,,1000,Pokémon Legends: Z-A,Nintendo Switch,,,,,,,,,,,,,,,D:\chromedownload\批量产图\output\output_Latias.png|D:\chromedownload\批量产图\Gemini_Generated_Image_5sh1k65sh1k65sh1.png,,,"<h1>SHINY LATIAS 6IV + FREE MASTERBALL GIFT</h1>
<p>Purchasing the DLC is not required; trades can also be made with players who do not own it.</p>
<p><strong>How to trade in Pokémon Legends Z-A:</strong></p>
<p>Press ""+"" and select ""Begin Searching"".</p>",FixedPrice,GTC,4.49,,,,,10,,China,,,,,,3,,,ReturnsNotAccepted,,,,,,,,,,,,,,,,,,,,,,,,,,,,,
Add,,139973,,6IV Shiny Ceruledge Legends ZA MEGA DIMENSION DLC (Legends Z-A) - CUSTOM OT,,,,,1000,Pokémon Legends: Z-A,Nintendo Switch,,,,,,,,,,,,,,,D:\chromedownload\批量产图\output\output_Ceruledge.png|D:\chromedownload\批量产图\Gemini_Generated_Image_5sh1k65sh1k65sh1.png,,,"<h1>SHINY CERULEDGE 6IV + FREE MASTERBALL GIFT</h1>
<p>Purchasing the DLC is not required; trades can also be made with players who do not own it.</p>
<p><strong>How to trade in Pokémon Legends Z-A:</strong></p>
<p>Press ""+"" and select ""Begin Searching"".</p>",FixedPrice,GTC,4.49,,,,,10,,China,,,,,,3,,,ReturnsNotAccepted,,,,,,,,,,,,,,,,,,,,,,,,,,,,,
Add,,139973,,6IV Shiny Grapploct Legends ZA MEGA DIMENSION DLC (Legends Z-A) - CUSTOM OT,,,,,1000,Pokémon Legends: Z-A,Nintendo Switch,,,,,,,,,,,,,,,D:\chromedownload\批量产图\output\output_Grapploct.png|D:\chromedownload\批量产图\Gemini_Generated_Image_5sh1k65sh1k65sh1.png,,,"<h1>SHINY GRAPPLOCT 6IV + FREE MASTERBALL GIFT</h1>
<p>Purchasing the DLC is not required; trades can also be made with players who do not own it.</p>
<p><strong>How to trade in Pokémon Legends Z-A:</strong></p>
<p>Press ""+"" and select ""Begin Searching"".</p>",FixedPrice,GTC,4.49,,,,,10,,China,,,,,,3,,,ReturnsNotAccepted,,,,,,,,,,,,,,,,,,,,,,,,,,,,,
Add,,139973,,6IV Shiny Treecko Legends ZA MEGA DIMENSION DLC (Legends Z-A) - CUSTOM OT,,,,,1000,Pokémon Legends: Z-A,Nintendo Switch,,,,,,,,,,,,,,,D:\chromedownload\批量产图\output\output_Treecko.png|D:\chromedownload\批量产图\Gemini_Generated_Image_5sh1k65sh1k65sh1.png,,,"<h1>SHINY TREECKO 6IV + FREE MASTERBALL GIFT</h1>
<p>Purchasing the DLC is not required; trades can also be made with players who do not own it.</p>
<p><strong>How to trade in Pokémon Legends Z-A:</strong></p>
<p>Press ""+"" and select ""Begin Searching"".</p>",FixedPrice,GTC,4.49,,,,,10,,China,,,,,,3,,,ReturnsNotAccepted,,,,,,,,,,,,,,,,,,,,,,,,,,,,,
Add,,139973,,6IV Shiny Cofagrigus Legends ZA MEGA DIMENSION DLC (Legends Z-A) - CUSTOM OT,,,,,1000,Pokémon Legends: Z-A,Nintendo Switch,,,,,,,,,,,,,,,D:\chromedownload\批量产图\output\output_Cofagrigus.png|D:\chromedownload\批量产图\Gemini_Generated_Image_5sh1k65sh1k65sh1.png,,,"<h1>SHINY COFAGRIGUS 6IV + FREE MASTERBALL GIFT</h1>
<p>Purchasing the DLC is not required; trades can also be made with players who do not own it.</p>
<p><strong>How to trade in Pokémon Legends Z-A:</strong></p>
<p>Press ""+"" and select ""Begin Searching"".</p>",FixedPrice,GTC,4.49,,,,,10,,China,,,,,,3,,,ReturnsNotAccepted,,,,,,,,,,,,,,,,,,,,,,,,,,,,,
Add,,139973,,6IV Shiny Gholdengo Legends ZA MEGA DIMENSION DLC (Legends Z-A) - CUSTOM OT,,,,,1000,Pokémon Legends: Z-A,Nintendo Switch,,,,,,,,,,,,,,,D:\chromedownload\批量产图\output\output_Gholdengo.png|D:\chromedownload\批量产图\Gemini_Generated_Image_5sh1k65sh1k65sh1.png,,,"<h1>SHINY GHOLDENGO 6IV + FREE MASTERBALL GIFT</h1>
<p>Purchasing the DLC is not required; trades can also be made with players who do not own it.</p>
<p><strong>How to trade in Pokémon Legends Z-A:</strong></p>
<p>Press ""+"" and select ""Begin Searching"".</p>",FixedPrice,GTC,4.49,,,,,10,,China,,,,,,3,,,ReturnsNotAccepted,,,,,,,,,,,,,,,,,,,,,,,,,,,,,
Add,,139973,,6IV Shiny Amoonguss Legends ZA MEGA DIMENSION DLC (Legends Z-A) - CUSTOM OT,,,,,1000,Pokémon Legends: Z-A,Nintendo Switch,,,,,,,,,,,,,,,D:\chromedownload\批量产图\output\output_Amoonguss.png|D:\chromedownload\批量产图\Gemini_Generated_Image_5sh1k65sh1k65sh1.png,,,"<h1>SHINY AMOONGUSS 6IV + FREE MASTERBALL GIFT</h1>
<p>Purchasing the DLC is not required; trades can also be made with players who do not own it.</p>
<p><strong>How to trade in Pokémon Legends Z-A:</strong></p>
<p>Press ""+"" and select ""Begin Searching"".</p>",FixedPrice,GTC,4.49,,,,,10,,China,,,,,,3,,,ReturnsNotAccepted,,,,,,,,,,,,,,,,,,,,,,,,,,,,,
Add,,139973,,6IV Shiny Torchic Legends ZA MEGA DIMENSION DLC (Legends Z-A) - CUSTOM OT,,,,,1000,Pokémon Legends: Z-A,Nintendo Switch,,,,,,,,,,,,,,,D:\chromedownload\批量产图\output\output_Torchic.png|D:\chromedownload\批量产图\Gemini_Generated_Image_5sh1k65sh1k65sh1.png,,,"<h1>SHINY TORCHIC 6IV + FREE MASTERBALL GIFT</h1>
<p>Purchasing the DLC is not required; trades can also be made with players who do not own it.</p>
<p><strong>How to trade in Pokémon Legends Z-A:</strong></p>
<p>Press ""+"" and select ""Begin Searching"".</p>",FixedPrice,GTC,4.49,,,,,10,,China,,,,,,3,,,ReturnsNotAccepted,,,,,,,,,,,,,,,,,,,,,,,,,,,,,
Add,,139973,,6IV Shiny Virizion Legends ZA MEGA DIMENSION DLC (Legends Z-A) - CUSTOM OT,,,,,1000,Pokémon Legends: Z-A,Nintendo Switch,,,,,,,,,,,,,,,D:\chromedownload\批量产图\output\output_Virizion.png|D:\chromedownload\批量产图\Gemini_Generated_Image_5sh1k65sh1k65sh1.png,,,"<h1>SHINY VIRIZION 6IV + FREE MASTERBALL GIFT</h1>
<p>Purchasing the DLC is not required; trades can also be made with players who do not own it.</p>
<p><strong>How to trade in Pokémon Legends Z-A:</strong></p>
<p>Press ""+"" and select ""Begin Searching"".</p>",FixedPrice,GTC,4.49,,,,,10,,China,,,,,,3,,,ReturnsNotAccepted,,,,,,,,,,,,,,,,,,,,,,,,,,,,,
Add,,139973,,6IV Shiny Cobalion Legends ZA MEGA DIMENSION DLC (Legends Z-A) - CUSTOM OT,,,,,1000,Pokémon Legends: Z-A,Nintendo Switch,,,,,,,,,,,,,,,D:\chromedownload\批量产图\output\output_Cobalion.png|D:\chromedownload\批量产图\Gemini_Generated_Image_5sh1k65sh1k65sh1.png,,,"<h1>SHINY COBALION 6IV + FREE MASTERBALL GIFT</h1>
<p>Purchasing the DLC is not required; trades can also be made with players who do not own it.</p>
<p><strong>How to trade in Pokémon Legends Z-A:</strong></p>
<p>Press ""+"" and select ""Begin Searching"".</p>",FixedPrice,GTC,4.49,,,,,10,,China,,,,,,3,,,ReturnsNotAccepted,,,,,,,,,,,,,,,,,,,,,,,,,,,,,
Add,,139973,,6IV Shiny Starly Legends ZA MEGA DIMENSION DLC (Legends Z-A) - CUSTOM OT,,,,,1000,Pokémon Legends: Z-A,Nintendo Switch,,,,,,,,,,,,,,,D:\chromedownload\批量产图\output\output_Starly.png|D:\chromedownload\批量产图\Gemini_Generated_Image_5sh1k65sh1k65sh1.png,,,"<h1>SHINY STARLY 6IV + FREE MASTERBALL GIFT</h1>
<p>Purchasing the DLC is not required; trades can also be made with players who do not own it.</p>
<p><strong>How to trade in Pokémon Legends Z-A:</strong></p>
<p>Press ""+"" and select ""Begin Searching"".</p>",FixedPrice,GTC,4.49,,,,,10,,China,,,,,,3,,,ReturnsNotAccepted,,,,,,,,,,,,,,,,,,,,,,,,,,,,,
Add,,139973,,6IV Shiny Mr. Rime Legends ZA MEGA DIMENSION DLC (Legends Z-A) - CUSTOM OT,,,,,1000,Pokémon Legends: Z-A,Nintendo Switch,,,,,,,,,,,,,,,D:\chromedownload\批量产图\output\output_Mr_Rime.png|D:\chromedownload\批量产图\Gemini_Generated_Image_5sh1k65sh1k65sh1.png,,,"<h1>SHINY MR. RIME 6IV + FREE MASTERBALL GIFT</h1>
<p>Purchasing the DLC is not required; trades can also be made with players who do not own it.</p>
<p><strong>How to trade in Pokémon Legends Z-A:</strong></p>
<p>Press ""+"" and select ""Begin Searching"".</p>",FixedPrice,GTC,4.49,,,,,10,,China,,,,,,3,,,ReturnsNotAccepted,,,,,,,,,,,,,,,,,,,,,,,,,,,,,
Add,,139973,,6IV Shiny Glimmet Legends ZA MEGA DIMENSION DLC (Legends Z-A) - CUSTOM OT,,,,,1000,Pokémon Legends: Z-A,Nintendo Switch,,,,,,,,,,,,,,,D:\chromedownload\批量产图\output\output_Glimmet.png|D:\chromedownload\批量产图\Gemini_Generated_Image_5sh1k65sh1k65sh1.png,,,"<h1>SHINY GLIMMET 6IV + FREE MASTERBALL GIFT</h1>
<p>Purchasing the DLC is not required; trades can also be made with players who do not own it.</p>
<p><strong>How to trade in Pokémon Legends Z-A:</strong></p>
<p>Press ""+"" and select ""Begin Searching"".</p>",FixedPrice,GTC,4.49,,,,,10,,China,,,,,,3,,,ReturnsNotAccepted,,,,,,,,,,,,,,,,,,,,,,,,,,,,,
Add,,139973,,6IV Shiny Glimmora Legends ZA MEGA DIMENSION DLC (Legends Z-A) - CUSTOM OT,,,,,1000,Pokémon Legends: Z-A,Nintendo Switch,,,,,,,,,,,,,,,D:\chromedownload\批量产图\output\output_Glimmora.png|D:\chromedownload\批量产图\Gemini_Generated_Image_5sh1k65sh1k65sh1.png,,,"<h1>SHINY GLIMMORA 6IV + FREE MASTERBALL GIFT</h1>
<p>Purchasing the DLC is not required; trades can also be made with players who do not own it.</p>
<p><strong>How to trade in Pokémon Legends Z-A:</strong></p>
<p>Press ""+"" and select ""Begin Searching"".</p>",FixedPrice,GTC,4.49,,,,,10,,China,,,,,,3,,,ReturnsNotAccepted,,,,,,,,,,,,,,,,,,,,,,,,,,,,,
Add,,139973,,6IV Shiny Baxcalibur Legends ZA MEGA DIMENSION DLC (Legends Z-A) - CUSTOM OT,,,,,1000,Pokémon Legends: Z-A,Nintendo Switch,,,,,,,,,,,,,,,D:\chromedownload\批量产图\output\output_Baxcalibur.png|D:\chromedownload\批量产图\Gemini_Generated_Image_5sh1k65sh1k65sh1.png,,,"<h1>SHINY BAXCALIBUR 6IV + FREE MASTERBALL GIFT</h1>
<p>Purchasing the DLC is not required; trades can also be made with players who do not own it.</p>
<p><strong>How to trade in Pokémon Legends Z-A:</strong></p>
<p>Press ""+"" and select ""Begin Searching"".</p>",FixedPrice,GTC,4.49,,,,,10,,China,,,,,,3,,,ReturnsNotAccepted,,,,,,,,,,,,,,,,,,,,,,,,,,,,,
Add,,139973,,6IV Shiny Mudkip Legends ZA MEGA DIMENSION DLC (Legends Z-A) - CUSTOM OT,,,,,1000,Pokémon Legends: Z-A,Nintendo Switch,,,,,,,,,,,,,,,D:\chromedownload\批量产图\output\output_Mudkip.png|D:\chromedownload\批量产图\Gemini_Generated_Image_5sh1k65sh1k65sh1.png,,,"<h1>SHINY MUDKIP 6IV + FREE MASTERBALL GIFT</h1>
<p>Purchasing the DLC is not required; trades can also be made with players who do not own it.</p>
<p><strong>How to trade in Pokémon Legends Z-A:</strong></p>
<p>Press ""+"" and select ""Begin Searching"".</p>",FixedPrice,GTC,4.49,,,,,10,,China,,,,,,3,,,ReturnsNotAccepted,,,,,,,,,,,,,,,,,,,,,,,,,,,,,
Add,,139973,,6IV Shiny Cyclizar Legends ZA MEGA DIMENSION DLC (Legends Z-A) - CUSTOM OT,,,,,1000,Pokémon Legends: Z-A,Nintendo Switch,,,,,,,,,,,,,,,D:\chromedownload\批量产图\output\output_Cyclizar.png|D:\chromedownload\批量产图\Gemini_Generated_Image_5sh1k65sh1k65sh1.png,,,"<h1>SHINY CYCLIZAR 6IV + FREE MASTERBALL GIFT</h1>
<p>Purchasing the DLC is not required; trades can also be made with players who do not own it.</p>
<p><strong>How to trade in Pokémon Legends Z-A:</strong></p>
<p>Press ""+"" and select ""Begin Searching"".</p>",FixedPrice,GTC,4.49,,,,,10,,China,,,,,,3,,,ReturnsNotAccepted,,,,,,,,,,,,,,,,,,,,,,,,,,,,,
Add,,139973,,6IV Shiny Morpeko Legends ZA MEGA DIMENSION DLC (Legends Z-A) - CUSTOM OT,,,,,1000,Pokémon Legends: Z-A,Nintendo Switch,,,,,,,,,,,,,,,D:\chromedownload\批量产图\output\output_Morpeko.png|D:\chromedownload\批量产图\Gemini_Generated_Image_5sh1k65sh1k65sh1.png,,,"<h1>SHINY MORPEKO 6IV + FREE MASTERBALL GIFT</h1>
<p>Purchasing the DLC is not required; trades can also be made with players who do not own it.</p>
<p><strong>How to trade in Pokémon Legends Z-A:</strong></p>
<p>Press ""+"" and select ""Begin Searching"".</p>",FixedPrice,GTC,4.49,,,,,10,,China,,,,,,3,,,ReturnsNotAccepted,,,,,,,,,,,,,,,,,,,,,,,,,,,,,
Add,,139973,,6IV Shiny Kecleon Legends ZA MEGA DIMENSION DLC (Legends Z-A) - CUSTOM OT,,,,,1000,Pokémon Legends: Z-A,Nintendo Switch,,,,,,,,,,,,,,,D:\chromedownload\批量产图\output\output_Kecleon.png|D:\chromedownload\批量产图\Gemini_Generated_Image_5sh1k65sh1k65sh1.png,,,"<h1>SHINY KECLEON 6IV + FREE MASTERBALL GIFT</h1>
<p>Purchasing the DLC is not required; trades can also be made with players who do not own it.</p>
<p><strong>How to trade in Pokémon Legends Z-A:</strong></p>
<p>Press ""+"" and select ""Begin Searching"".</p>",FixedPrice,GTC,4.49,,,,,10,,China,,,,,,3,,,ReturnsNotAccepted,,,,,,,,,,,,,,,,,,,,,,,,,,,,,
Add,,139973,,6IV Shiny Crobat Legends ZA MEGA DIMENSION DLC (Legends Z-A) - CUSTOM OT,,,,,1000,Pokémon Legends: Z-A,Nintendo Switch,,,,,,,,,,,,,,,D:\chromedownload\批量产图\output\output_Crobat.png|D:\chromedownload\批量产图\Gemini_Generated_Image_5sh1k65sh1k65sh1.png,,,"<h1>SHINY CROBAT 6IV + FREE MASTERBALL GIFT</h1>
<p>Purchasing the DLC is not required; trades can also be made with players who do not own it.</p>
<p><strong>How to trade in Pokémon Legends Z-A:</strong></p>
<p>Press ""+"" and select ""Begin Searching"".</p>",FixedPrice,GTC,4.49,,,,,10,,China,,,,,,3,,,ReturnsNotAccepted,,,,,,,,,,,,,,,,,,,,,,,,,,,,,
Add,,139973,,6IV Shiny Indeedee Legends ZA MEGA DIMENSION DLC (Legends Z-A) - CUSTOM OT,,,,,1000,Pokémon Legends: Z-A,Nintendo Switch,,,,,,,,,,,,,,,D:\chromedownload\批量产图\output\output_Indeedee.png|D:\chromedownload\批量产图\Gemini_Generated_Image_5sh1k65sh1k65sh1.png,,,"<h1>SHINY INDEEDEE 6IV + FREE MASTERBALL GIFT</h1>
<p>Purchasing the DLC is not required; trades can also be made with players who do not own it.</p>
<p><strong>How to trade in Pokémon Legends Z-A:</strong></p>
<p>Press ""+"" and select ""Begin Searching"".</p>",FixedPrice,GTC,4.49,,,,,10,,China,,,,,,3,,,ReturnsNotAccepted,,,,,,,,,,,,,,,,,,,,,,,,,,,,,
Add,,139973,,6IV Shiny Dondozo Legends ZA MEGA DIMENSION DLC (Legends Z-A) - CUSTOM OT,,,,,1000,Pokémon Legends: Z-A,Nintendo Switch,,,,,,,,,,,,,,,D:\chromedownload\批量产图\output\output_Dondozo.png|D:\chromedownload\批量产图\Gemini_Generated_Image_5sh1k65sh1k65sh1.png,,,"<h1>SHINY DONDOZO 6IV + FREE MASTERBALL GIFT</h1>
<p>Purchasing the DLC is not required; trades can also be made with players who do not own it.</p>
<p><strong>How to trade in Pokémon Legends Z-A:</strong></p>
<p>Press ""+"" and select ""Begin Searching"".</p>",FixedPrice,GTC,4.49,,,,,10,,China,,,,,,3,,,ReturnsNotAccepted,,,,,,,,,,,,,,,,,,,,,,,,,,,,,
Add,,139973,,6IV Shiny Runerigus Legends ZA MEGA DIMENSION DLC (Legends Z-A) - CUSTOM OT,,,,,1000,Pokémon Legends: Z-A,Nintendo Switch,,,,,,,,,,,,,,,D:\chromedownload\批量产图\output\output_Runerigus.png|D:\chromedownload\批量产图\Gemini_Generated_Image_5sh1k65sh1k65sh1.png,,,"<h1>SHINY RUNERIGUS 6IV + FREE MASTERBALL GIFT</h1>
<p>Purchasing the DLC is not required; trades can also be made with players who do not own it.</p>
<p><strong>How to trade in Pokémon Legends Z-A:</strong></p>
<p>Press ""+"" and select ""Begin Searching"".</p>",FixedPrice,GTC,4.49,,,,,10,,China,,,,,,3,,,ReturnsNotAccepted,,,,,,,,,,,,,,,,,,,,,,,,,,,,,
Add,,139973,,6IV Shiny Golisopod Legends ZA MEGA DIMENSION DLC (Legends Z-A) - CUSTOM OT,,,,,1000,Pokémon Legends: Z-A,Nintendo Switch,,,,,,,,,,,,,,,D:\chromedownload\批量产图\output\output_Golisopod.png|D:\chromedownload\批量产图\Gemini_Generated_Image_5sh1k65sh1k65sh1.png,,,"<h1>SHINY GOLISOPOD 6IV + FREE MASTERBALL GIFT</h1>
<p>Purchasing the DLC is not required; trades can also be made with players who do not own it.</p>
<p><strong>How to trade in Pokémon Legends Z-A:</strong></p>
<p>Press ""+"" and select ""Begin Searching"".</p>",FixedPrice,GTC,4.49,,,,,10,,China,,,,,,3,,,ReturnsNotAccepted,,,,,,,,,,,,,,,,,,,,,,,,,,,,,
Add,,139973,,6IV Shiny Frigibax Legends ZA MEGA DIMENSION DLC (Legends Z-A) - CUSTOM OT,,,,,1000,Pokémon Legends: Z-A,Nintendo Switch,,,,,,,,,,,,,,,D:\chromedownload\批量产图\output\output_Frigibax.png|D:\chromedownload\批量产图\Gemini_Generated_Image_5sh1k65sh1k65sh1.png,,,"<h1>SHINY FRIGIBAX 6IV + FREE MASTERBALL GIFT</h1>
<p>Purchasing the DLC is not required; trades can also be made with players who do not own it.</p>
<p><strong>How to trade in Pokémon Legends Z-A:</strong></p>
<p>Press ""+"" and select ""Begin Searching"".</p>",FixedPrice,GTC,4.49,,,,,10,,China,,,,,,3,,,ReturnsNotAccepted,,,,,,,,,,,,,,,,,,,,,,,,,,,,,
Add,,139973,,6IV Shiny Golett Legends ZA MEGA DIMENSION DLC (Legends Z-A) - CUSTOM OT,,,,,1000,Pokémon Legends: Z-A,Nintendo Switch,,,,,,,,,,,,,,,D:\chromedownload\批量产图\output\output_Golett.png|D:\chromedownload\批量产图\Gemini_Generated_Image_5sh1k65sh1k65sh1.png,,,"<h1>SHINY GOLETT 6IV + FREE MASTERBALL GIFT</h1>
<p>Purchasing the DLC is not required; trades can also be made with players who do not own it.</p>
<p><strong>How to trade in Pokémon Legends Z-A:</strong></p>
<p>Press ""+"" and select ""Begin Searching"".</p>",FixedPrice,GTC,4.49,,,,,10,,China,,,,,,3,,,ReturnsNotAccepted,,,,,,,,,,,,,,,,,,,,,,,,,,,,,
Add,,139973,,6IV Shiny Crabrawler Legends ZA MEGA DIMENSION DLC (Legends Z-A) - CUSTOM OT,,,,,1000,Pokémon Legends: Z-A,Nintendo Switch,,,,,,,,,,,,,,,D:\chromedownload\批量产图\output\output_Crabrawler.png|D:\chromedownload\批量产图\Gemini_Generated_Image_5sh1k65sh1k65sh1.png,,,"<h1>SHINY CRABRAWLER 6IV + FREE MASTERBALL GIFT</h1>
<p>Purchasing the DLC is not required; trades can also be made with players who do not own it.</p>
<p><strong>How to trade in Pokémon Legends Z-A:</strong></p>
<p>Press ""+"" and select ""Begin Searching"".</p>",FixedPrice,GTC,4.49,,,,,10,,China,,,,,,3,,,ReturnsNotAccepted,,,,,,,,,,,,,,,,,,,,,,,,,,,,,
Add,,139973,,6IV Shiny Sirfetch'd Legends ZA MEGA DIMENSION DLC (Legends Z-A) - CUSTOM OT,,,,,1000,Pokémon Legends: Z-A,Nintendo Switch,,,,,,,,,,,,,,,D:\chromedownload\批量产图\output\output_Sirfetchd.png|D:\chromedownload\批量产图\Gemini_Generated_Image_5sh1k65sh1k65sh1.png,,,"<h1>SHINY SIRFETCH'D 6IV + FREE MASTERBALL GIFT</h1>
<p>Purchasing the DLC is not required; trades can also be made with players who do not own it.</p>
<p><strong>How to trade in Pokémon Legends Z-A:</strong></p>
<p>Press ""+"" and select ""Begin Searching"".</p>",FixedPrice,GTC,4.49,,,,,10,,China,,,,,,3,,,ReturnsNotAccepted,,,,,,,,,,,,,,,,,,,,,,,,,,,,,
Add,,139973,,6IV Shiny Seviper Legends ZA MEGA DIMENSION DLC (Legends Z-A) - CUSTOM OT,,,,,1000,Pokémon Legends: Z-A,Nintendo Switch,,,,,,,,,,,,,,,D:\chromedownload\批量产图\output\output_Seviper.png|D:\chromedownload\批量产图\Gemini_Generated_Image_5sh1k65sh1k65sh1.png,,,"<h1>SHINY SEVIPER 6IV + FREE MASTERBALL GIFT</h1>
<p>Purchasing the DLC is not required; trades can also be made with players who do not own it.</p>
<p><strong>How to trade in Pokémon Legends Z-A:</strong></p>
<p>Press ""+"" and select ""Begin Searching"".</p>",FixedPrice,GTC,4.49,,,,,10,,China,,,,,,3,,,ReturnsNotAccepted,,,,,,,,,,,,,,,,,,,,,,,,,,,,,
Add,,139973,,6IV Shiny Blaziken Legends ZA MEGA DIMENSION DLC (Legends Z-A) - CUSTOM OT,,,,,1000,Pokémon Legends: Z-A,Nintendo Switch,,,,,,,,,,,,,,,D:\chromedownload\批量产图\output\output_Blaziken.png|D:\chromedownload\批量产图\Gemini_Generated_Image_5sh1k65sh1k65sh1.png,,,"<h1>SHINY BLAZIKEN 6IV + FREE MASTERBALL GIFT</h1>
<p>Purchasing the DLC is not required; trades can also be made with players who do not own it.</p>
<p><strong>How to trade in Pokémon Legends Z-A:</strong></p>
<p>Press ""+"" and select ""Begin Searching"".</p>",FixedPrice,GTC,4.49,,,,,10,,China,,,,,,3,,,ReturnsNotAccepted,,,,,,,,,,,,,,,,,,,,,,,,,,,,,
Add,,139973,,6IV Shiny Corviknight Legends ZA MEGA DIMENSION DLC (Legends Z-A) - CUSTOM OT,,,,,1000,Pokémon Legends: Z-A,Nintendo Switch,,,,,,,,,,,,,,,D:\chromedownload\批量产图\output\output_Corviknight.png|D:\chromedownload\批量产图\Gemini_Generated_Image_5sh1k65sh1k65sh1.png,,,"<h1>SHINY CORVIKNIGHT 6IV + FREE MASTERBALL GIFT</h1>
<p>Purchasing the DLC is not required; trades can also be made with players who do not own it.</p>
<p><strong>How to trade in Pokémon Legends Z-A:</strong></p>
<p>Press ""+"" and select ""Begin Searching"".</p>",FixedPrice,GTC,4.49,,,,,10,,China,,,,,,3,,,ReturnsNotAccepted,,,,,,,,,,,,,,,,,,,,,,,,,,,,,
Add,,139973,,6IV Shiny Feebas Legends ZA MEGA DIMENSION DLC (Legends Z-A) - CUSTOM OT,,,,,1000,Pokémon Legends: Z-A,Nintendo Switch,,,,,,,,,,,,,,,D:\chromedownload\批量产图\output\output_Feebas.png|D:\chromedownload\批量产图\Gemini_Generated_Image_5sh1k65sh1k65sh1.png,,,"<h1>SHINY FEEBAS 6IV + FREE MASTERBALL GIFT</h1>
<p>Purchasing the DLC is not required; trades can also be made with players who do not own it.</p>
<p><strong>How to trade in Pokémon Legends Z-A:</strong></p>
<p>Press ""+"" and select ""Begin Searching"".</p>",FixedPrice,GTC,4.49,,,,,10,,China,,,,,,3,,,ReturnsNotAccepted,,,,,,,,,,,,,,,,,,,,,,,,,,,,,
Add,,139973,,6IV Shiny Thievul Legends ZA MEGA DIMENSION DLC (Legends Z-A) - CUSTOM OT,,,,,1000,Pokémon Legends: Z-A,Nintendo Switch,,,,,,,,,,,,,,,D:\chromedownload\批量产图\output\output_Thievul.png|D:\chromedownload\批量产图\Gemini_Generated_Image_5sh1k65sh1k65sh1.png,,,"<h1>SHINY THIEVUL 6IV + FREE MASTERBALL GIFT</h1>
<p>Purchasing the DLC is not required; trades can also be made with players who do not own it.</p>
<p><strong>How to trade in Pokémon Legends Z-A:</strong></p>
<p>Press ""+"" and select ""Begin Searching"".</p>",FixedPrice,GTC,4.49,,,,,10,,China,,,,,,3,,,ReturnsNotAccepted,,,,,,,,,,,,,,,,,,,,,,,,,,,,,
Add,,139973,,6IV Shiny Rotom Legends ZA MEGA DIMENSION DLC (Legends Z-A) - CUSTOM OT,,,,,1000,Pokémon Legends: Z-A,Nintendo Switch,,,,,,,,,,,,,,,D:\chromedownload\批量产图\output\output_Rotom.png|D:\chromedownload\批量产图\Gemini_Generated_Image_5sh1k65sh1k65sh1.png,,,"<h1>SHINY ROTOM 6IV + FREE MASTERBALL GIFT</h1>
<p>Purchasing the DLC is not required; trades can also be made with players who do not own it.</p>
<p><strong>How to trade in Pokémon Legends Z-A:</strong></p>
<p>Press ""+"" and select ""Begin Searching"".</p>",FixedPrice,GTC,4.49,,,,,10,,China,,,,,,3,,,ReturnsNotAccepted,,,,,,,,,,,,,,,,,,,,,,,,,,,,,
Add,,139973,,6IV Shiny Farfetch'd Galarian Legends ZA MEGA DIMENSION DLC (Legends Z-A) - CUSTOM OT,,,,,1000,Pokémon Legends: Z-A,Nintendo Switch,,,,,,,,,,,,,,,D:\chromedownload\批量产图\output\output_Farfetchd_Galarian.png|D:\chromedownload\批量产图\Gemini_Generated_Image_5sh1k65sh1k65sh1.png,,,"<h1>SHINY FARFETCH'D GALARIAN 6IV + FREE MASTERBALL GIFT</h1>
<p>Purchasing the DLC is not required; trades can also be made with players who do not own it.</p>
<p><strong>How to trade in Pokémon Legends Z-A:</strong></p>
<p>Press ""+"" and select ""Begin Searching"".</p>",FixedPrice,GTC,4.49,,,,,10,,China,,,,,,3,,,ReturnsNotAccepted,,,,,,,,,,,,,,,,,,,,,,,,,,,,,
Add,,139973,,6IV Shiny Wimpod Legends ZA MEGA DIMENSION DLC (Legends Z-A) - CUSTOM OT,,,,,1000,Pokémon Legends: Z-A,Nintendo Switch,,,,,,,,,,,,,,,D:\chromedownload\批量产图\output\output_Wimpod.png|D:\chromedownload\批量产图\Gemini_Generated_Image_5sh1k65sh1k65sh1.png,,,"<h1>SHINY WIMPOD 6IV + FREE MASTERBALL GIFT</h1>
<p>Purchasing the DLC is not required; trades can also be made with players who do not own it.</p>
<p><strong>How to trade in Pokémon Legends Z-A:</strong></p>
<p>Press ""+"" and select ""Begin Searching"".</p>",FixedPrice,GTC,4.49,,,,,10,,China,,,,,,3,,,ReturnsNotAccepted,,,,,,,,,,,,,,,,,,,,,,,,,,,,,
Add,,139973,,6IV Shiny Golurk Legends ZA MEGA DIMENSION DLC (Legends Z-A) - CUSTOM OT,,,,,1000,Pokémon Legends: Z-A,Nintendo Switch,,,,,,,,,,,,,,,D:\chromedownload\批量产图\output\output_Golurk.png|D:\chromedownload\批量产图\Gemini_Generated_Image_5sh1k65sh1k65sh1.png,,,"<h1>SHINY GOLURK 6IV + FREE MASTERBALL GIFT</h1>
<p>Purchasing the DLC is not required; trades can also be made with players who do not own it.</p>
<p><strong>How to trade in Pokémon Legends Z-A:</strong></p>
<p>Press ""+"" and select ""Begin Searching"".</p>",FixedPrice,GTC,4.49,,,,,10,,China,,,,,,3,,,ReturnsNotAccepted,,,,,,,,,,,,,,,,,,,,,,,,,,,,,
Add,,139973,,6IV Shiny Throh Legends ZA MEGA DIMENSION DLC (Legends Z-A) - CUSTOM OT,,,,,1000,Pokémon Legends: Z-A,Nintendo Switch,,,,,,,,,,,,,,,D:\chromedownload\批量产图\output\output_Throh.png|D:\chromedownload\批量产图\Gemini_Generated_Image_5sh1k65sh1k65sh1.png,,,"<h1>SHINY THROH 6IV + FREE MASTERBALL GIFT</h1>
<p>Purchasing the DLC is not required; trades can also be made with players who do not own it.</p>
<p><strong>How to trade in Pokémon Legends Z-A:</strong></p>
<p>Press ""+"" and select ""Begin Searching"".</p>",FixedPrice,GTC,4.49,,,,,10,,China,,,,,,3,,,ReturnsNotAccepted,,,,,,,,,,,,,,,,,,,,,,,,,,,,,
Add,,139973,,6IV Shiny Annihilape Legends ZA MEGA DIMENSION DLC (Legends Z-A) - CUSTOM OT,,,,,1000,Pokémon Legends: Z-A,Nintendo Switch,,,,,,,,,,,,,,,D:\chromedownload\批量产图\output\output_Annihilape.png|D:\chromedownload\批量产图\Gemini_Generated_Image_5sh1k65sh1k65sh1.png,,,"<h1>SHINY ANNIHILAPE 6IV + FREE MASTERBALL GIFT</h1>
<p>Purchasing the DLC is not required; trades can also be made with players who do not own it.</p>
<p><strong>How to trade in Pokémon Legends Z-A:</strong></p>
<p>Press ""+"" and select ""Begin Searching"".</p>",FixedPrice,GTC,4.49,,,,,10,,China,,,,,,3,,,ReturnsNotAccepted,,,,,,,,,,,,,,,,,,,,,,,,,,,,,
Add,,139973,,6IV Shiny Maschiff Legends ZA MEGA DIMENSION DLC (Legends Z-A) - CUSTOM OT,,,,,1000,Pokémon Legends: Z-A,Nintendo Switch,,,,,,,,,,,,,,,D:\chromedownload\批量产图\output\output_Maschiff.png|D:\chromedownload\批量产图\Gemini_Generated_Image_5sh1k65sh1k65sh1.png,,,"<h1>SHINY MASCHIFF 6IV + FREE MASTERBALL GIFT</h1>
<p>Purchasing the DLC is not required; trades can also be made with players who do not own it.</p>
<p><strong>How to trade in Pokémon Legends Z-A:</strong></p>
<p>Press ""+"" and select ""Begin Searching"".</p>",FixedPrice,GTC,4.49,,,,,10,,China,,,,,,3,,,ReturnsNotAccepted,,,,,,,,,,,,,,,,,,,,,,,,,,,,,
Add,,139973,,6IV Shiny Marowak Alolan Legends ZA MEGA DIMENSION DLC (Legends Z-A) - CUSTOM OT,,,,,1000,Pokémon Legends: Z-A,Nintendo Switch,,,,,,,,,,,,,,,D:\chromedownload\批量产图\output\output_Marowak_Alolan.png|D:\chromedownload\批量产图\Gemini_Generated_Image_5sh1k65sh1k65sh1.png,,,"<h1>SHINY MAROWAK ALOLAN 6IV + FREE MASTERBALL GIFT</h1>
<p>Purchasing the DLC is not required; trades can also be made with players who do not own it.</p>
<p><strong>How to trade in Pokémon Legends Z-A:</strong></p>
<p>Press ""+"" and select ""Begin Searching"".</p>",FixedPrice,GTC,4.49,,,,,10,,China,,,,,,3,,,ReturnsNotAccepted,,,,,,,,,,,,,,,,,,,,,,,,,,,,,
Add,,139973,,6IV Shiny Charcadet Legends ZA MEGA DIMENSION DLC (Legends Z-A) - CUSTOM OT,,,,,1000,Pokémon Legends: Z-A,Nintendo Switch,,,,,,,,,,,,,,,D:\chromedownload\批量产图\output\output_Charcadet.png|D:\chromedownload\批量产图\Gemini_Generated_Image_5sh1k65sh1k65sh1.png,,,"<h1>SHINY CHARCADET 6IV + FREE MASTERBALL GIFT</h1>
<p>Purchasing the DLC is not required; trades can also be made with players who do not own it.</p>
<p><strong>How to trade in Pokémon Legends Z-A:</strong></p>
<p>Press ""+"" and select ""Begin Searching"".</p>",FixedPrice,GTC,4.49,,,,,10,,China,,,,,,3,,,ReturnsNotAccepted,,,,,,,,,,,,,,,,,,,,,,,,,,,,,
Add,,139973,,6IV Shiny Tinkatink Legends ZA MEGA DIMENSION DLC (Legends Z-A) - CUSTOM OT,,,,,1000,Pokémon Legends: Z-A,Nintendo Switch,,,,,,,,,,,,,,,D:\chromedownload\批量产图\output\output_Tinkatink.png|D:\chromedownload\批量产图\Gemini_Generated_Image_5sh1k65sh1k65sh1.png,,,"<h1>SHINY TINKATINK 6IV + FREE MASTERBALL GIFT</h1>
<p>Purchasing the DLC is not required; trades can also be made with players who do not own it.</p>
<p><strong>How to trade in Pokémon Legends Z-A:</strong></p>
<p>Press ""+"" and select ""Begin Searching"".</p>",FixedPrice,GTC,4.49,,,,,10,,China,,,,,,3,,,ReturnsNotAccepted,,,,,,,,,,,,,,,,,,,,,,,,,,,,,
Add,,139973,,6IV Shiny Zangoose Legends ZA MEGA DIMENSION DLC (Legends Z-A) - CUSTOM OT,,,,,1000,Pokémon Legends: Z-A,Nintendo Switch,,,,,,,,,,,,,,,D:\chromedownload\批量产图\output\output_Zangoose.png|D:\chromedownload\批量产图\Gemini_Generated_Image_5sh1k65sh1k65sh1.png,,,"<h1>SHINY ZANGOOSE 6IV + FREE MASTERBALL GIFT</h1>
<p>Purchasing the DLC is not required; trades can also be made with players who do not own it.</p>
<p><strong>How to trade in Pokémon Legends Z-A:</strong></p>
<p>Press ""+"" and select ""Begin Searching"".</p>",FixedPrice,GTC,4.49,,,,,10,,China,,,,,,3,,,ReturnsNotAccepted,,,,,,,,,,,,,,,,,,,,,,,,,,,,,
Add,,139973,,6IV Shiny Toxel Legends ZA MEGA DIMENSION DLC (Legends Z-A) - CUSTOM OT,,,,,1000,Pokémon Legends: Z-A,Nintendo Switch,,,,,,,,,,,,,,,D:\chromedownload\批量产图\output\output_Toxel.png|D:\chromedownload\批量产图\Gemini_Generated_Image_5sh1k65sh1k65sh1.png,,,"<h1>SHINY TOXEL 6IV + FREE MASTERBALL GIFT</h1>
<p>Purchasing the DLC is not required; trades can also be made with players who do not own it.</p>
<p><strong>How to trade in Pokémon Legends Z-A:</strong></p>
<p>Press ""+"" and select ""Begin Searching"".</p>",FixedPrice,GTC,4.49,,,,,10,,China,,,,,,3,,,ReturnsNotAccepted,,,,,,,,,,,,,,,,,,,,,,,,,,,,,
Add,,139973,,6IV Shiny Arctibax Legends ZA MEGA DIMENSION DLC (Legends Z-A) - CUSTOM OT,,,,,1000,Pokémon Legends: Z-A,Nintendo Switch,,,,,,,,,,,,,,,D:\chromedownload\批量产图\output\output_Arctibax.png|D:\chromedownload\批量产图\Gemini_Generated_Image_5sh1k65sh1k65sh1.png,,,"<h1>SHINY ARCTIBAX 6IV + FREE MASTERBALL GIFT</h1>
<p>Purchasing the DLC is not required; trades can also be made with players who do not own it.</p>
<p><strong>How to trade in Pokémon Legends Z-A:</strong></p>
<p>Press ""+"" and select ""Begin Searching"".</p>",FixedPrice,GTC,4.49,,,,,10,,China,,,,,,3,,,ReturnsNotAccepted,,,,,,,,,,,,,,,,,,,,,,,,,,,,,
Add,,139973,,6IV Shiny Cubone Legends ZA MEGA DIMENSION DLC (Legends Z-A) - CUSTOM OT,,,,,1000,Pokémon Legends: Z-A,Nintendo Switch,,,,,,,,,,,,,,,D:\chromedownload\批量产图\output\output_Cubone.png|D:\chromedownload\批量产图\Gemini_Generated_Image_5sh1k65sh1k65sh1.png,,,"<h1>SHINY CUBONE 6IV + FREE MASTERBALL GIFT</h1>
<p>Purchasing the DLC is not required; trades can also be made with players who do not own it.</p>
<p><strong>How to trade in Pokémon Legends Z-A:</strong></p>
<p>Press ""+"" and select ""Begin Searching"".</p>",FixedPrice,GTC,4.49,,,,,10,,China,,,,,,3,,,ReturnsNotAccepted,,,,,,,,,,,,,,,,,,,,,,,,,,,,,
Add,,139973,,6IV Shiny Foongus Legends ZA MEGA DIMENSION DLC (Legends Z-A) - CUSTOM OT,,,,,1000,Pokémon Legends: Z-A,Nintendo Switch,,,,,,,,,,,,,,,D:\chromedownload\批量产图\output\output_Foongus.png|D:\chromedownload\批量产图\Gemini_Generated_Image_5sh1k65sh1k65sh1.png,,,"<h1>SHINY FOONGUS 6IV + FREE MASTERBALL GIFT</h1>
<p>Purchasing the DLC is not required; trades can also be made with players who do not own it.</p>
<p><strong>How to trade in Pokémon Legends Z-A:</strong></p>
<p>Press ""+"" and select ""Begin Searching"".</p>",FixedPrice,GTC,4.49,,,,,10,,China,,,,,,3,,,ReturnsNotAccepted,,,,,,,,,,,,,,,,,,,,,,,,,,,,,
Add,,139973,,6IV Shiny Sawk Legends ZA MEGA DIMENSION DLC (Legends Z-A) - CUSTOM OT,,,,,1000,Pokémon Legends: Z-A,Nintendo Switch,,,,,,,,,,,,,,,D:\chromedownload\批量产图\output\output_Sawk.png|D:\chromedownload\批量产图\Gemini_Generated_Image_5sh1k65sh1k65sh1.png,,,"<h1>SHINY SAWK 6IV + FREE MASTERBALL GIFT</h1>
<p>Purchasing the DLC is not required; trades can also be made with players who do not own it.</p>
<p><strong>How to trade in Pokémon Legends Z-A:</strong></p>
<p>Press ""+"" and select ""Begin Searching"".</p>",FixedPrice,GTC,4.49,,,,,10,,China,,,,,,3,,,ReturnsNotAccepted,,,,,,,,,,,,,,,,,,,,,,,,,,,,,
Add,,139973,,6IV Shiny Kleavor Legends ZA MEGA DIMENSION DLC (Legends Z-A) - CUSTOM OT,,,,,1000,Pokémon Legends: Z-A,Nintendo Switch,,,,,,,,,,,,,,,D:\chromedownload\批量产图\output\output_Kleavor.png|D:\chromedownload\批量产图\Gemini_Generated_Image_5sh1k65sh1k65sh1.png,,,"<h1>SHINY KLEAVOR 6IV + FREE MASTERBALL GIFT</h1>
<p>Purchasing the DLC is not required; trades can also be made with players who do not own it.</p>
<p><strong>How to trade in Pokémon Legends Z-A:</strong></p>
<p>Press ""+"" and select ""Begin Searching"".</p>",FixedPrice,GTC,4.49,,,,,10,,China,,,,,,3,,,ReturnsNotAccepted,,,,,,,,,,,,,,,,,,,,,,,,,,,,,
Add,,139973,,6IV Shiny Chimecho Legends ZA MEGA DIMENSION DLC (Legends Z-A) - CUSTOM OT,,,,,1000,Pokémon Legends: Z-A,Nintendo Switch,,,,,,,,,,,,,,,D:\chromedownload\批量产图\output\output_Chimecho.png|D:\chromedownload\批量产图\Gemini_Generated_Image_5sh1k65sh1k65sh1.png,,,"<h1>SHINY CHIMECHO 6IV + FREE MASTERBALL GIFT</h1>
<p>Purchasing the DLC is not required; trades can also be made with players who do not own it.</p>
<p><strong>How to trade in Pokémon Legends Z-A:</strong></p>
<p>Press ""+"" and select ""Begin Searching"".</p>",FixedPrice,GTC,4.49,,,,,10,,China,,,,,,3,,,ReturnsNotAccepted,,,,,,,,,,,,,,,,,,,,,,,,,,,,,
Add,,139973,,6IV Shiny Wigglytuff Legends ZA MEGA DIMENSION DLC (Legends Z-A) - CUSTOM OT,,,,,1000,Pokémon Legends: Z-A,Nintendo Switch,,,,,,,,,,,,,,,D:\chromedownload\批量产图\output\output_Wigglytuff.png|D:\chromedownload\批量产图\Gemini_Generated_Image_5sh1k65sh1k65sh1.png,,,"<h1>SHINY WIGGLYTUFF 6IV + FREE MASTERBALL GIFT</h1>
<p>Purchasing the DLC is not required; trades can also be made with players who do not own it.</p>
<p><strong>How to trade in Pokémon Legends Z-A:</strong></p>
<p>Press ""+"" and select ""Begin Searching"".</p>",FixedPrice,GTC,4.49,,,,,10,,China,,,,,,3,,,ReturnsNotAccepted,,,,,,,,,,,,,,,,,,,,,,,,,,,,,
Add,,139973,,6IV Shiny Tinkaton Legends ZA MEGA DIMENSION DLC (Legends Z-A) - CUSTOM OT,,,,,1000,Pokémon Legends: Z-A,Nintendo Switch,,,,,,,,,,,,,,,D:\chromedownload\批量产图\output\output_Tinkaton.png|D:\chromedownload\批量产图\Gemini_Generated_Image_5sh1k65sh1k65sh1.png,,,"<h1>SHINY TINKATON 6IV + FREE MASTERBALL GIFT</h1>
<p>Purchasing the DLC is not required; trades can also be made with players who do not own it.</p>
<p><strong>How to trade in Pokémon Legends Z-A:</strong></p>
<p>Press ""+"" and select ""Begin Searching"".</p>",FixedPrice,GTC,4.49,,,,,10,,China,,,,,,3,,,ReturnsNotAccepted,,,,,,,,,,,,,,,,,,,,,,,,,,,,,
Add,,139973,,6IV Shiny Houndstone Legends ZA MEGA DIMENSION DLC (Legends Z-A) - CUSTOM OT,,,,,1000,Pokémon Legends: Z-A,Nintendo Switch,,,,,,,,,,,,,,,D:\chromedownload\批量产图\output\output_Houndstone.png|D:\chromedownload\批量产图\Gemini_Generated_Image_5sh1k65sh1k65sh1.png,,,"<h1>SHINY HOUNDSTONE 6IV + FREE MASTERBALL GIFT</h1>
<p>Purchasing the DLC is not required; trades can also be made with players who do not own it.</p>
<p><strong>How to trade in Pokémon Legends Z-A:</strong></p>
<p>Press ""+"" and select ""Begin Searching"".</p>",FixedPrice,GTC,4.49,,,,,10,,China,,,,,,3,,,ReturnsNotAccepted,,,,,,,,,,,,,,,,,,,,,,,,,,,,,
Add,,139973,,6IV Shiny Chingling Legends ZA MEGA DIMENSION DLC (Legends Z-A) - CUSTOM OT,,,,,1000,Pokémon Legends: Z-A,Nintendo Switch,,,,,,,,,,,,,,,D:\chromedownload\批量产图\output\output_Chingling.png|D:\chromedownload\批量产图\Gemini_Generated_Image_5sh1k65sh1k65sh1.png,,,"<h1>SHINY CHINGLING 6IV + FREE MASTERBALL GIFT</h1>
<p>Purchasing the DLC is not required; trades can also be made with players who do not own it.</p>
<p><strong>How to trade in Pokémon Legends Z-A:</strong></p>
<p>Press ""+"" and select ""Begin Searching"".</p>",FixedPrice,GTC,4.49,,,,,10,,China,,,,,,3,,,ReturnsNotAccepted,,,,,,,,,,,,,,,,,,,,,,,,,,,,,
Add,,139973,,6IV Shiny Nickit Legends ZA MEGA DIMENSION DLC (Legends Z-A) - CUSTOM OT,,,,,1000,Pokémon Legends: Z-A,Nintendo Switch,,,,,,,,,,,,,,,D:\chromedownload\批量产图\output\output_Nickit.png|D:\chromedownload\批量产图\Gemini_Generated_Image_5sh1k65sh1k65sh1.png,,,"<h1>SHINY NICKIT 6IV + FREE MASTERBALL GIFT</h1>
<p>Purchasing the DLC is not required; trades can also be made with players who do not own it.</p>
<p><strong>How to trade in Pokémon Legends Z-A:</strong></p>
<p>Press ""+"" and select ""Begin Searching"".</p>",FixedPrice,GTC,4.49,,,,,10,,China,,,,,,3,,,ReturnsNotAccepted,,,,,,,,,,,,,,,,,,,,,,,,,,,,,
Add,,139973,,6IV Shiny Swampert Legends ZA MEGA DIMENSION DLC (Legends Z-A) - CUSTOM OT,,,,,1000,Pokémon Legends: Z-A,Nintendo Switch,,,,,,,,,,,,,,,D:\chromedownload\批量产图\output\output_Swampert.png|D:\chromedownload\批量产图\Gemini_Generated_Image_5sh1k65sh1k65sh1.png,,,"<h1>SHINY SWAMPERT 6IV + FREE MASTERBALL GIFT</h1>
<p>Purchasing the DLC is not required; trades can also be made with players who do not own it.</p>
<p><strong>How to trade in Pokémon Legends Z-A:</strong></p>
<p>Press ""+"" and select ""Begin Searching"".</p>",FixedPrice,GTC,4.49,,,,,10,,China,,,,,,3,,,ReturnsNotAccepted,,,,,,,,,,,,,,,,,,,,,,,,,,,,,
Add,,139973,,6IV Shiny Musharna Legends ZA MEGA DIMENSION DLC (Legends Z-A) - CUSTOM OT,,,,,1000,Pokémon Legends: Z-A,Nintendo Switch,,,,,,,,,,,,,,,D:\chromedownload\批量产图\output\output_Musharna.png|D:\chromedownload\批量产图\Gemini_Generated_Image_5sh1k65sh1k65sh1.png,,,"<h1>SHINY MUSHARNA 6IV + FREE MASTERBALL GIFT</h1>
<p>Purchasing the DLC is not required; trades can also be made with players who do not own it.</p>
<p><strong>How to trade in Pokémon Legends Z-A:</strong></p>
<p>Press ""+"" and select ""Begin Searching"".</p>",FixedPrice,GTC,4.49,,,,,10,,China,,,,,,3,,,ReturnsNotAccepted,,,,,,,,,,,,,,,,,,,,,,,,,,,,,
Add,,139973,,6IV Shiny Mow Rotom Legends ZA MEGA DIMENSION DLC (Legends Z-A) - CUSTOM OT,,,,,1000,Pokémon Legends: Z-A,Nintendo Switch,,,,,,,,,,,,,,,D:\chromedownload\批量产图\output\output_Mow_Rotom.png|D:\chromedownload\批量产图\Gemini_Generated_Image_5sh1k65sh1k65sh1.png,,,"<h1>SHINY MOW ROTOM 6IV + FREE MASTERBALL GIFT</h1>
<p>Purchasing the DLC is not required; trades can also be made with players who do not own it.</p>
<p><strong>How to trade in Pokémon Legends Z-A:</strong></p>
<p>Press ""+"" and select ""Begin Searching"".</p>",FixedPrice,GTC,4.49,,,,,10,,China,,,,,,3,,,ReturnsNotAccepted,,,,,,,,,,,,,,,,,,,,,,,,,,,,,
Add,,139973,,6IV Shiny Spoink Legends ZA MEGA DIMENSION DLC (Legends Z-A) - CUSTOM OT,,,,,1000,Pokémon Legends: Z-A,Nintendo Switch,,,,,,,,,,,,,,,D:\chromedownload\批量产图\output\output_Spoink.png|D:\chromedownload\批量产图\Gemini_Generated_Image_5sh1k65sh1k65sh1.png,,,"<h1>SHINY SPOINK 6IV + FREE MASTERBALL GIFT</h1>
<p>Purchasing the DLC is not required; trades can also be made with players who do not own it.</p>
<p><strong>How to trade in Pokémon Legends Z-A:</strong></p>
<p>Press ""+"" and select ""Begin Searching"".</p>",FixedPrice,GTC,4.49,,,,,10,,China,,,,,,3,,,ReturnsNotAccepted,,,,,,,,,,,,,,,,,,,,,,,,,,,,,
Add,,139973,,6IV Shiny Rookidee Legends ZA MEGA DIMENSION DLC (Legends Z-A) - CUSTOM OT,,,,,1000,Pokémon Legends: Z-A,Nintendo Switch,,,,,,,,,,,,,,,D:\chromedownload\批量产图\output\output_Rookidee.png|D:\chromedownload\批量产图\Gemini_Generated_Image_5sh1k65sh1k65sh1.png,,,"<h1>SHINY ROOKIDEE 6IV + FREE MASTERBALL GIFT</h1>
<p>Purchasing the DLC is not required; trades can also be made with players who do not own it.</p>
<p><strong>How to trade in Pokémon Legends Z-A:</strong></p>
<p>Press ""+"" and select ""Begin Searching"".</p>",FixedPrice,GTC,4.49,,,,,10,,China,,,,,,3,,,ReturnsNotAccepted,,,,,,,,,,,,,,,,,,,,,,,,,,,,,
Add,,139973,,6IV Shiny Mr. Mime Legends ZA MEGA DIMENSION DLC (Legends Z-A) - CUSTOM OT,,,,,1000,Pokémon Legends: Z-A,Nintendo Switch,,,,,,,,,,,,,,,D:\chromedownload\批量产图\output\output_Mr_Mime.png|D:\chromedownload\批量产图\Gemini_Generated_Image_5sh1k65sh1k65sh1.png,,,"<h1>SHINY MR. MIME 6IV + FREE MASTERBALL GIFT</h1>
<p>Purchasing the DLC is not required; trades can also be made with players who do not own it.</p>
<p><strong>How to trade in Pokémon Legends Z-A:</strong></p>
<p>Press ""+"" and select ""Begin Searching"".</p>",FixedPrice,GTC,4.49,,,,,10,,China,,,,,,3,,,ReturnsNotAccepted,,,,,,,,,,,,,,,,,,,,,,,,,,,,,
Add,,139973,,6IV Shiny Staraptor Legends ZA MEGA DIMENSION DLC (Legends Z-A) - CUSTOM OT,,,,,1000,Pokémon Legends: Z-A,Nintendo Switch,,,,,,,,,,,,,,,D:\chromedownload\批量产图\output\output_Staraptor.png|D:\chromedownload\批量产图\Gemini_Generated_Image_5sh1k65sh1k65sh1.png,,,"<h1>SHINY STARAPTOR 6IV + FREE MASTERBALL GIFT</h1>
<p>Purchasing the DLC is not required; trades can also be made with players who do not own it.</p>
<p><strong>How to trade in Pokémon Legends Z-A:</strong></p>
<p>Press ""+"" and select ""Begin Searching"".</p>",FixedPrice,GTC,4.49,,,,,10,,China,,,,,,3,,,ReturnsNotAccepted,,,,,,,,,,,,,,,,,,,,,,,,,,,,,
Add,,139973,,6IV Shiny Capsakid Legends ZA MEGA DIMENSION DLC (Legends Z-A) - CUSTOM OT,,,,,1000,Pokémon Legends: Z-A,Nintendo Switch,,,,,,,,,,,,,,,D:\chromedownload\批量产图\output\output_Capsakid.png|D:\chromedownload\批量产图\Gemini_Generated_Image_5sh1k65sh1k65sh1.png,,,"<h1>SHINY CAPSAKID 6IV + FREE MASTERBALL GIFT</h1>
<p>Purchasing the DLC is not required; trades can also be made with players who do not own it.</p>
<p><strong>How to trade in Pokémon Legends Z-A:</strong></p>
<p>Press ""+"" and select ""Begin Searching"".</p>",FixedPrice,GTC,4.49,,,,,10,,China,,,,,,3,,,ReturnsNotAccepted,,,,,,,,,,,,,,,,,,,,,,,,,,,,,
Add,,139973,,6IV Shiny Munna Legends ZA MEGA DIMENSION DLC (Legends Z-A) - CUSTOM OT,,,,,1000,Pokémon Legends: Z-A,Nintendo Switch,,,,,,,,,,,,,,,D:\chromedownload\批量产图\output\output_Munna.png|D:\chromedownload\批量产图\Gemini_Generated_Image_5sh1k65sh1k65sh1.png,,,"<h1>SHINY MUNNA 6IV + FREE MASTERBALL GIFT</h1>
<p>Purchasing the DLC is not required; trades can also be made with players who do not own it.</p>
<p><strong>How to trade in Pokémon Legends Z-A:</strong></p>
<p>Press ""+"" and select ""Begin Searching"".</p>",FixedPrice,GTC,4.49,,,,,10,,China,,,,,,3,,,ReturnsNotAccepted,,,,,,,,,,,,,,,,,,,,,,,,,,,,,
Add,,139973,,6IV Shiny Scovillain Legends ZA MEGA DIMENSION DLC (Legends Z-A) - CUSTOM OT,,,,,1000,Pokémon Legends: Z-A,Nintendo Switch,,,,,,,,,,,,,,,D:\chromedownload\批量产图\output\output_Scovillain.png|D:\chromedownload\批量产图\Gemini_Generated_Image_5sh1k65sh1k65sh1.png,,,"<h1>SHINY SCOVILLAIN 6IV + FREE MASTERBALL GIFT</h1>
<p>Purchasing the DLC is not required; trades can also be made with players who do not own it.</p>
<p><strong>How to trade in Pokémon Legends Z-A:</strong></p>
<p>Press ""+"" and select ""Begin Searching"".</p>",FixedPrice,GTC,4.49,,,,,10,,China,,,,,,3,,,ReturnsNotAccepted,,,,,,,,,,,,,,,,,,,,,,,,,,,,,
Add,,139973,,6IV Shiny Sandygast Legends ZA MEGA DIMENSION DLC (Legends Z-A) - CUSTOM OT,,,,,1000,Pokémon Legends: Z-A,Nintendo Switch,,,,,,,,,,,,,,,D:\chromedownload\批量产图\output\output_Sandygast.png|D:\chromedownload\批量产图\Gemini_Generated_Image_5sh1k65sh1k65sh1.png,,,"<h1>SHINY SANDYGAST 6IV + FREE MASTERBALL GIFT</h1>
<p>Purchasing the DLC is not required; trades can also be made with players who do not own it.</p>
<p><strong>How to trade in Pokémon Legends Z-A:</strong></p>
<p>Press ""+"" and select ""Begin Searching"".</p>",FixedPrice,GTC,4.49,,,,,10,,China,,,,,,3,,,ReturnsNotAccepted,,,,,,,,,,,,,,,,,,,,,,,,,,,,,
Add,,139973,,6IV Shiny Terrakion Legends ZA MEGA DIMENSION DLC (Legends Z-A) - CUSTOM OT,,,,,1000,Pokémon Legends: Z-A,Nintendo Switch,,,,,,,,,,,,,,,D:\chromedownload\批量产图\output\output_Terrakion.png|D:\chromedownload\批量产图\Gemini_Generated_Image_5sh1k65sh1k65sh1.png,,,"<h1>SHINY TERRAKION 6IV + FREE MASTERBALL GIFT</h1>
<p>Purchasing the DLC is not required; trades can also be made with players who do not own it.</p>
<p><strong>How to trade in Pokémon Legends Z-A:</strong></p>
<p>Press ""+"" and select ""Begin Searching"".</p>",FixedPrice,GTC,4.49,,,,,10,,China,,,,,,3,,,ReturnsNotAccepted,,,,,,,,,,,,,,,,,,,,,,,,,,,,,
Add,,139973,,6IV Shiny Gimmighoul Legends ZA MEGA DIMENSION DLC (Legends Z-A) - CUSTOM OT,,,,,1000,Pokémon Legends: Z-A,Nintendo Switch,,,,,,,,,,,,,,,D:\chromedownload\批量产图\output\output_Gimmighoul.png|D:\chromedownload\批量产图\Gemini_Generated_Image_5sh1k65sh1k65sh1.png,,,"<h1>SHINY GIMMIGHOUL 6IV + FREE MASTERBALL GIFT</h1>
<p>Purchasing the DLC is not required; trades can also be made with players who do not own it.</p>
<p><strong>How to trade in Pokémon Legends Z-A:</strong></p>
<p>Press ""+"" and select ""Begin Searching"".</p>",FixedPrice,GTC,4.49,,,,,10,,China,,,,,,3,,,ReturnsNotAccepted,,,,,,,,,,,,,,,,,,,,,,,,,,,,,
Add,,139973,,6IV Shiny Grumpig Legends ZA MEGA DIMENSION DLC (Legends Z-A) - CUSTOM OT,,,,,1000,Pokémon Legends: Z-A,Nintendo Switch,,,,,,,,,,,,,,,D:\chromedownload\批量产图\output\output_Grumpig.png|D:\chromedownload\批量产图\Gemini_Generated_Image_5sh1k65sh1k65sh1.png,,,"<h1>SHINY GRUMPIG 6IV + FREE MASTERBALL GIFT</h1>
<p>Purchasing the DLC is not required; trades can also be made with players who do not own it.</p>
<p><strong>How to trade in Pokémon Legends Z-A:</strong></p>
<p>Press ""+"" and select ""Begin Searching"".</p>",FixedPrice,GTC,4.49,,,,,10,,China,,,,,,3,,,ReturnsNotAccepted,,,,,,,,,,,,,,,,,,,,,,,,,,,,,
Add,,139973,,6IV Shiny Mimikyu Legends ZA MEGA DIMENSION DLC (Legends Z-A) - CUSTOM OT,,,,,1000,Pokémon Legends: Z-A,Nintendo Switch,,,,,,,,,,,,,,,D:\chromedownload\批量产图\output\output_Mimikyu.png|D:\chromedownload\批量产图\Gemini_Generated_Image_5sh1k65sh1k65sh1.png,,,"<h1>SHINY MIMIKYU 6IV + FREE MASTERBALL GIFT</h1>
<p>Purchasing the DLC is not required; trades can also be made with players who do not own it.</p>
<p><strong>How to trade in Pokémon Legends Z-A:</strong></p>
<p>Press ""+"" and select ""Begin Searching"".</p>",FixedPrice,GTC,4.49,,,,,10,,China,,,,,,3,,,ReturnsNotAccepted,,,,,,,,,,,,,,,,,,,,,,,,,,,,,
Add,,139973,,6IV Shiny Mr. Mime Galarian Legends ZA MEGA DIMENSION DLC (Legends Z-A) - CUSTOM OT,,,,,1000,Pokémon Legends: Z-A,Nintendo Switch,,,,,,,,,,,,,,,D:\chromedownload\批量产图\output\output_Mr_Mime_Galarian.png|D:\chromedownload\批量产图\Gemini_Generated_Image_5sh1k65sh1k65sh1.png,,,"<h1>SHINY MR. MIME GALARIAN 6IV + FREE MASTERBALL GIFT</h1>
<p>Purchasing the DLC is not required; trades can also be made with players who do not own it.</p>
<p><strong>How to trade in Pokémon Legends Z-A:</strong></p>
<p>Press ""+"" and select ""Begin Searching"".</p>",FixedPrice,GTC,4.49,,,,,10,,China,,,,,,3,,,ReturnsNotAccepted,,,,,,,,,,,,,,,,,,,,,,,,,,,,,
Add,,139973,,6IV Shiny Tinkatuff Legends ZA MEGA DIMENSION DLC (Legends Z-A) - CUSTOM OT,,,,,1000,Pokémon Legends: Z-A,Nintendo Switch,,,,,,,,,,,,,,,D:\chromedownload\批量产图\output\output_Tinkatuff.png|D:\chromedownload\批量产图\Gemini_Generated_Image_5sh1k65sh1k65sh1.png,,,"<h1>SHINY TINKATUFF 6IV + FREE MASTERBALL GIFT</h1>
<p>Purchasing the DLC is not required; trades can also be made with players who do not own it.</p>
<p><strong>How to trade in Pokémon Legends Z-A:</strong></p>
<p>Press ""+"" and select ""Begin Searching"".</p>",FixedPrice,GTC,4.49,,,,,10,,China,,,,,,3,,,ReturnsNotAccepted,,,,,,,,,,,,,,,,,,,,,,,,,,,,,
Add,,139973,,6IV Shiny Mankey Legends ZA MEGA DIMENSION DLC (Legends Z-A) - CUSTOM OT,,,,,1000,Pokémon Legends: Z-A,Nintendo Switch,,,,,,,,,,,,,,,D:\chromedownload\批量产图\output\output_Mankey.png|D:\chromedownload\批量产图\Gemini_Generated_Image_5sh1k65sh1k65sh1.png,,,"<h1>SHINY MANKEY 6IV + FREE MASTERBALL GIFT</h1>
<p>Purchasing the DLC is not required; trades can also be made with players who do not own it.</p>
<p><strong>How to trade in Pokémon Legends Z-A:</strong></p>
<p>Press ""+"" and select ""Begin Searching"".</p>",FixedPrice,GTC,4.49,,,,,10,,China,,,,,,3,,,ReturnsNotAccepted,,,,,,,,,,,,,,,,,,,,,,,,,,,,,
Add,,139973,,6IV Shiny Marowak Legends ZA MEGA DIMENSION DLC (Legends Z-A) - CUSTOM OT,,,,,1000,Pokémon Legends: Z-A,Nintendo Switch,,,,,,,,,,,,,,,D:\chromedownload\批量产图\output\output_Marowak.png|D:\chromedownload\批量产图\Gemini_Generated_Image_5sh1k65sh1k65sh1.png,,,"<h1>SHINY MAROWAK 6IV + FREE MASTERBALL GIFT</h1>
<p>Purchasing the DLC is not required; trades can also be made with players who do not own it.</p>
<p><strong>How to trade in Pokémon Legends Z-A:</strong></p>
<p>Press ""+"" and select ""Begin Searching"".</p>",FixedPrice,GTC,4.49,,,,,10,,China,,,,,,3,,,ReturnsNotAccepted,,,,,,,,,,,,,,,,,,,,,,,,,,,,,
Add,,139973,,6IV Shiny Grafaiai Legends ZA MEGA DIMENSION DLC (Legends Z-A) - CUSTOM OT,,,,,1000,Pokémon Legends: Z-A,Nintendo Switch,,,,,,,,,,,,,,,D:\chromedownload\批量产图\output\output_Grafaiai.png|D:\chromedownload\批量产图\Gemini_Generated_Image_5sh1k65sh1k65sh1.png,,,"<h1>SHINY GRAFAIAI 6IV + FREE MASTERBALL GIFT</h1>
<p>Purchasing the DLC is not required; trades can also be made with players who do not own it.</p>
<p><strong>How to trade in Pokémon Legends Z-A:</strong></p>
<p>Press ""+"" and select ""Begin Searching"".</p>",FixedPrice,GTC,4.49,,,,,10,,China,,,,,,3,,,ReturnsNotAccepted,,,,,,,,,,,,,,,,,,,,,,,,,,,,,
Add,,139973,,6IV Shiny Farfetch'd Legends ZA MEGA DIMENSION DLC (Legends Z-A) - CUSTOM OT,,,,,1000,Pokémon Legends: Z-A,Nintendo Switch,,,,,,,,,,,,,,,D:\chromedownload\批量产图\output\output_Farfetchd.png|D:\chromedownload\批量产图\Gemini_Generated_Image_5sh1k65sh1k65sh1.png,,,"<h1>SHINY FARFETCH'D 6IV + FREE MASTERBALL GIFT</h1>
<p>Purchasing the DLC is not required; trades can also be made with players who do not own it.</p>
<p><strong>How to trade in Pokémon Legends Z-A:</strong></p>
<p>Press ""+"" and select ""Begin Searching"".</p>",FixedPrice,GTC,4.49,,,,,10,,China,,,,,,3,,,ReturnsNotAccepted,,,,,,,,,,,,,,,,,,,,,,,,,,,,,
Add,,139973,,6IV Shiny Squawkabilly Legends ZA MEGA DIMENSION DLC (Legends Z-A) - CUSTOM OT,,,,,1000,Pokémon Legends: Z-A,Nintendo Switch,,,,,,,,,,,,,,,D:\chromedownload\批量产图\output\output_Squawkabilly.png|D:\chromedownload\批量产图\Gemini_Generated_Image_5sh1k65sh1k65sh1.png,,,"<h1>SHINY SQUAWKABILLY 6IV + FREE MASTERBALL GIFT</h1>
<p>Purchasing the DLC is not required; trades can also be made with players who do not own it.</p>
<p><strong>How to trade in Pokémon Legends Z-A:</strong></p>
<p>Press ""+"" and select ""Begin Searching"".</p>",FixedPrice,GTC,4.49,,,,,10,,China,,,,,,3,,,ReturnsNotAccepted,,,,,,,,,,,,,,,,,,,,,,,,,,,,,
Add,,139973,,6IV Shiny Nacli Legends ZA MEGA DIMENSION DLC (Legends Z-A) - CUSTOM OT,,,,,1000,Pokémon Legends: Z-A,Nintendo Switch,,,,,,,,,,,,,,,D:\chromedownload\批量产图\output\output_Nacli.png|D:\chromedownload\批量产图\Gemini_Generated_Image_5sh1k65sh1k65sh1.png,,,"<h1>SHINY NACLI 6IV + FREE MASTERBALL GIFT</h1>
<p>Purchasing the DLC is not required; trades can also be made with players who do not own it.</p>
<p><strong>How to trade in Pokémon Legends Z-A:</strong></p>
<p>Press ""+"" and select ""Begin Searching"".</p>",FixedPrice,GTC,4.49,,,,,10,,China,,,,,,3,,,ReturnsNotAccepted,,,,,,,,,,,,,,,,,,,,,,,,,,,,,
Add,,139973,,6IV Shiny Persian Alolan Legends ZA MEGA DIMENSION DLC (Legends Z-A) - CUSTOM OT,,,,,1000,Pokémon Legends: Z-A,Nintendo Switch,,,,,,,,,,,,,,,D:\chromedownload\批量产图\output\output_Persian_Alolan.png|D:\chromedownload\批量产图\Gemini_Generated_Image_5sh1k65sh1k65sh1.png,,,"<h1>SHINY PERSIAN ALOLAN 6IV + FREE MASTERBALL GIFT</h1>
<p>Purchasing the DLC is not required; trades can also be made with players who do not own it.</p>
<p><strong>How to trade in Pokémon Legends Z-A:</strong></p>
<p>Press ""+"" and select ""Begin Searching"".</p>",FixedPrice,GTC,4.49,,,,,10,,China,,,,,,3,,,ReturnsNotAccepted,,,,,,,,,,,,,,,,,,,,,,,,,,,,,
Add,,139973,,6IV Shiny Qwilfish Legends ZA MEGA DIMENSION DLC (Legends Z-A) - CUSTOM OT,,,,,1000,Pokémon Legends: Z-A,Nintendo Switch,,,,,,,,,,,,,,,D:\chromedownload\批量产图\output\output_Qwilfish.png|D:\chromedownload\批量产图\Gemini_Generated_Image_5sh1k65sh1k65sh1.png,,,"<h1>SHINY QWILFISH 6IV + FREE MASTERBALL GIFT</h1>
<p>Purchasing the DLC is not required; trades can also be made with players who do not own it.</p>
<p><strong>How to trade in Pokémon Legends Z-A:</strong></p>
<p>Press ""+"" and select ""Begin Searching"".</p>",FixedPrice,GTC,4.49,,,,,10,,China,,,,,,3,,,ReturnsNotAccepted,,,,,,,,,,,,,,,,,,,,,,,,,,,,,
Add,,139973,,6IV Shiny Meowth Legends ZA MEGA DIMENSION DLC (Legends Z-A) - CUSTOM OT,,,,,1000,Pokémon Legends: Z-A,Nintendo Switch,,,,,,,,,,,,,,,D:\chromedownload\批量产图\output\output_Meowth.png|D:\chromedownload\批量产图\Gemini_Generated_Image_5sh1k65sh1k65sh1.png,,,"<h1>SHINY MEOWTH 6IV + FREE MASTERBALL GIFT</h1>
<p>Purchasing the DLC is not required; trades can also be made with players who do not own it.</p>
<p><strong>How to trade in Pokémon Legends Z-A:</strong></p>
<p>Press ""+"" and select ""Begin Searching"".</p>",FixedPrice,GTC,4.49,,,,,10,,China,,,,,,3,,,ReturnsNotAccepted,,,,,,,,,,,,,,,,,,,,,,,,,,,,,
Add,,139973,,6IV Shiny Palossand Legends ZA MEGA DIMENSION DLC (Legends Z-A) - CUSTOM OT,,,,,1000,Pokémon Legends: Z-A,Nintendo Switch,,,,,,,,,,,,,,,D:\chromedownload\批量产图\output\output_Palossand.png|D:\chromedownload\批量产图\Gemini_Generated_Image_5sh1k65sh1k65sh1.png,,,"<h1>SHINY PALOSSAND 6IV + FREE MASTERBALL GIFT</h1>
<p>Purchasing the DLC is not required; trades can also be made with players who do not own it.</p>
<p><strong>How to trade in Pokémon Legends Z-A:</strong></p>
<p>Press ""+"" and select ""Begin Searching"".</p>",FixedPrice,GTC,4.49,,,,,10,,China,,,,,,3,,,ReturnsNotAccepted,,,,,,,,,,,,,,,,,,,,,,,,,,,,,
Add,,139973,,6IV Shiny Frost Rotom Legends ZA MEGA DIMENSION DLC (Legends Z-A) - CUSTOM OT,,,,,1000,Pokémon Legends: Z-A,Nintendo Switch,,,,,,,,,,,,,,,D:\chromedownload\批量产图\output\output_Frost_Rotom.png|D:\chromedownload\批量产图\Gemini_Generated_Image_5sh1k65sh1k65sh1.png,,,"<h1>SHINY FROST ROTOM 6IV + FREE MASTERBALL GIFT</h1>
<p>Purchasing the DLC is not required; trades can also be made with players who do not own it.</p>
<p><strong>How to trade in Pokémon Legends Z-A:</strong></p>
<p>Press ""+"" and select ""Begin Searching"".</p>",FixedPrice,GTC,4.49,,,,,10,,China,,,,,,3,,,ReturnsNotAccepted,,,,,,,,,,,,,,,,,,,,,,,,,,,,,
Add,,139973,,6IV Shiny Zubat Legends ZA MEGA DIMENSION DLC (Legends Z-A) - CUSTOM OT,,,,,1000,Pokémon Legends: Z-A,Nintendo Switch,,,,,,,,,,,,,,,D:\chromedownload\批量产图\output\output_Zubat.png|D:\chromedownload\批量产图\Gemini_Generated_Image_5sh1k65sh1k65sh1.png,,,"<h1>SHINY ZUBAT 6IV + FREE MASTERBALL GIFT</h1>
<p>Purchasing the DLC is not required; trades can also be made with players who do not own it.</p>
<p><strong>How to trade in Pokémon Legends Z-A:</strong></p>
<p>Press ""+"" and select ""Begin Searching"".</p>",FixedPrice,GTC,4.49,,,,,10,,China,,,,,,3,,,ReturnsNotAccepted,,,,,,,,,,,,,,,,,,,,,,,,,,,,,
Add,,139973,,6IV Shiny Shroodle Legends ZA MEGA DIMENSION DLC (Legends Z-A) - CUSTOM OT,,,,,1000,Pokémon Legends: Z-A,Nintendo Switch,,,,,,,,,,,,,,,D:\chromedownload\批量产图\output\output_Shroodle.png|D:\chromedownload\批量产图\Gemini_Generated_Image_5sh1k65sh1k65sh1.png,,,"<h1>SHINY SHROODLE 6IV + FREE MASTERBALL GIFT</h1>
<p>Purchasing the DLC is not required; trades can also be made with players who do not own it.</p>
<p><strong>How to trade in Pokémon Legends Z-A:</strong></p>
<p>Press ""+"" and select ""Begin Searching"".</p>",FixedPrice,GTC,4.49,,,,,10,,China,,,,,,3,,,ReturnsNotAccepted,,,,,,,,,,,,,,,,,,,,,,,,,,,,,
Add,,139973,,6IV Shiny Naclstack Legends ZA MEGA DIMENSION DLC (Legends Z-A) - CUSTOM OT,,,,,1000,Pokémon Legends: Z-A,Nintendo Switch,,,,,,,,,,,,,,,D:\chromedownload\批量产图\output\output_Naclstack.png|D:\chromedownload\批量产图\Gemini_Generated_Image_5sh1k65sh1k65sh1.png,,,"<h1>SHINY NACLSTACK 6IV + FREE MASTERBALL GIFT</h1>
<p>Purchasing the DLC is not required; trades can also be made with players who do not own it.</p>
<p><strong>How to trade in Pokémon Legends Z-A:</strong></p>
<p>Press ""+"" and select ""Begin Searching"".</p>",FixedPrice,GTC,4.49,,,,,10,,China,,,,,,3,,,ReturnsNotAccepted,,,,,,,,,,,,,,,,,,,,,,,,,,,,,
Add,,139973,,6IV Shiny Crabominable Legends ZA MEGA DIMENSION DLC (Legends Z-A) - CUSTOM OT,,,,,1000,Pokémon Legends: Z-A,Nintendo Switch,,,,,,,,,,,,,,,D:\chromedownload\批量产图\output\output_Crabominable.png|D:\chromedownload\批量产图\Gemini_Generated_Image_5sh1k65sh1k65sh1.png,,,"<h1>SHINY CRABOMINABLE 6IV + FREE MASTERBALL GIFT</h1>
<p>Purchasing the DLC is not required; trades can also be made with players who do not own it.</p>
<p><strong>How to trade in Pokémon Legends Z-A:</strong></p>
<p>Press ""+"" and select ""Begin Searching"".</p>",FixedPrice,GTC,4.49,,,,,10,,China,,,,,,3,,,ReturnsNotAccepted,,,,,,,,,,,,,,,,,,,,,,,,,,,,,
Add,,139973,,6IV Shiny Golbat Legends ZA MEGA DIMENSION DLC (Legends Z-A) - CUSTOM OT,,,,,1000,Pokémon Legends: Z-A,Nintendo Switch,,,,,,,,,,,,,,,D:\chromedownload\批量产图\output\output_Golbat.png|D:\chromedownload\批量产图\Gemini_Generated_Image_5sh1k65sh1k65sh1.png,,,"<h1>SHINY GOLBAT 6IV + FREE MASTERBALL GIFT</h1>
<p>Purchasing the DLC is not required; trades can also be made with players who do not own it.</p>
<p><strong>How to trade in Pokémon Legends Z-A:</strong></p>
<p>Press ""+"" and select ""Begin Searching"".</p>",FixedPrice,GTC,4.49,,,,,10,,China,,,,,,3,,,ReturnsNotAccepted,,,,,,,,,,,,,,,,,,,,,,,,,,,,,
Add,,139973,,6IV Shiny Greavard Legends ZA MEGA DIMENSION DLC (Legends Z-A) - CUSTOM OT,,,,,1000,Pokémon Legends: Z-A,Nintendo Switch,,,,,,,,,,,,,,,D:\chromedownload\批量产图\output\output_Greavard.png|D:\chromedownload\批量产图\Gemini_Generated_Image_5sh1k65sh1k65sh1.png,,,"<h1>SHINY GREAVARD 6IV + FREE MASTERBALL GIFT</h1>
<p>Purchasing the DLC is not required; trades can also be made with players who do not own it.</p>
<p><strong>How to trade in Pokémon Legends Z-A:</strong></p>
<p>Press ""+"" and select ""Begin Searching"".</p>",FixedPrice,GTC,4.49,,,,,10,,China,,,,,,3,,,ReturnsNotAccepted,,,,,,,,,,,,,,,,,,,,,,,,,,,,,
Add,,139973,,6IV Shiny Igglybuff Legends ZA MEGA DIMENSION DLC (Legends Z-A) - CUSTOM OT,,,,,1000,Pokémon Legends: Z-A,Nintendo Switch,,,,,,,,,,,,,,,D:\chromedownload\批量产图\output\output_Igglybuff.png|D:\chromedownload\批量产图\Gemini_Generated_Image_5sh1k65sh1k65sh1.png,,,"<h1>SHINY IGGLYBUFF 6IV + FREE MASTERBALL GIFT</h1>
<p>Purchasing the DLC is not required; trades can also be made with players who do not own it.</p>
<p><strong>How to trade in Pokémon Legends Z-A:</strong></p>
<p>Press ""+"" and select ""Begin Searching"".</p>",FixedPrice,GTC,4.49,,,,,10,,China,,,,,,3,,,ReturnsNotAccepted,,,,,,,,,,,,,,,,,,,,,,,,,,,,,
Add,,139973,,6IV Shiny Grovyle Legends ZA MEGA DIMENSION DLC (Legends Z-A) - CUSTOM OT,,,,,1000,Pokémon Legends: Z-A,Nintendo Switch,,,,,,,,,,,,,,,D:\chromedownload\批量产图\output\output_Grovyle.png|D:\chromedownload\批量产图\Gemini_Generated_Image_5sh1k65sh1k65sh1.png,,,"<h1>SHINY GROVYLE 6IV + FREE MASTERBALL GIFT</h1>
<p>Purchasing the DLC is not required; trades can also be made with players who do not own it.</p>
<p><strong>How to trade in Pokémon Legends Z-A:</strong></p>
<p>Press ""+"" and select ""Begin Searching"".</p>",FixedPrice,GTC,4.49,,,,,10,,China,,,,,,3,,,ReturnsNotAccepted,,,,,,,,,,,,,,,,,,,,,,,,,,,,,
Add,,139973,,6IV Shiny Combusken Legends ZA MEGA DIMENSION DLC (Legends Z-A) - CUSTOM OT,,,,,1000,Pokémon Legends: Z-A,Nintendo Switch,,,,,,,,,,,,,,,D:\chromedownload\批量产图\output\output_Combusken.png|D:\chromedownload\批量产图\Gemini_Generated_Image_5sh1k65sh1k65sh1.png,,,"<h1>SHINY COMBUSKEN 6IV + FREE MASTERBALL GIFT</h1>
<p>Purchasing the DLC is not required; trades can also be made with players who do not own it.</p>
<p><strong>How to trade in Pokémon Legends Z-A:</strong></p>
<p>Press ""+"" and select ""Begin Searching"".</p>",FixedPrice,GTC,4.49,,,,,10,,China,,,,,,3,,,ReturnsNotAccepted,,,,,,,,,,,,,,,,,,,,,,,,,,,,,
Add,,139973,,6IV Shiny Yamask Legends ZA MEGA DIMENSION DLC (Legends Z-A) - CUSTOM OT,,,,,1000,Pokémon Legends: Z-A,Nintendo Switch,,,,,,,,,,,,,,,D:\chromedownload\批量产图\output\output_Yamask.png|D:\chromedownload\批量产图\Gemini_Generated_Image_5sh1k65sh1k65sh1.png,,,"<h1>SHINY YAMASK 6IV + FREE MASTERBALL GIFT</h1>
<p>Purchasing the DLC is not required; trades can also be made with players who do not own it.</p>
<p><strong>How to trade in Pokémon Legends Z-A:</strong></p>
<p>Press ""+"" and select ""Begin Searching"".</p>",FixedPrice,GTC,4.49,,,,,10,,China,,,,,,3,,,ReturnsNotAccepted,,,,,,,,,,,,,,,,,,,,,,,,,,,,,
Add,,139973,,6IV Shiny Sceptile Legends ZA MEGA DIMENSION DLC (Legends Z-A) - CUSTOM OT,,,,,1000,Pokémon Legends: Z-A,Nintendo Switch,,,,,,,,,,,,,,,D:\chromedownload\批量产图\output\output_Sceptile.png|D:\chromedownload\批量产图\Gemini_Generated_Image_5sh1k65sh1k65sh1.png,,,"<h1>SHINY SCEPTILE 6IV + FREE MASTERBALL GIFT</h1>
<p>Purchasing the DLC is not required; trades can also be made with players who do not own it.</p>
<p><strong>How to trade in Pokémon Legends Z-A:</strong></p>
<p>Press ""+"" and select ""Begin Searching"".</p>",FixedPrice,GTC,4.49,,,,,10,,China,,,,,,3,,,ReturnsNotAccepted,,,,,,,,,,,,,,,,,,,,,,,,,,,,,
Add,,139973,,6IV Shiny Purrloin Legends ZA MEGA DIMENSION DLC (Legends Z-A) - CUSTOM OT,,,,,1000,Pokémon Legends: Z-A,Nintendo Switch,,,,,,,,,,,,,,,D:\chromedownload\批量产图\output\output_Purrloin.png|D:\chromedownload\批量产图\Gemini_Generated_Image_5sh1k65sh1k65sh1.png,,,"<h1>SHINY PURRLOIN 6IV + FREE MASTERBALL GIFT</h1>
<p>Purchasing the DLC is not required; trades can also be made with players who do not own it.</p>
<p><strong>How to trade in Pokémon Legends Z-A:</strong></p>
<p>Press ""+"" and select ""Begin Searching"".</p>",FixedPrice,GTC,4.49,,,,,10,,China,,,,,,3,,,ReturnsNotAccepted,,,,,,,,,,,,,,,,,,,,,,,,,,,,,
Add,,139973,,6IV Shiny Liepard Legends ZA MEGA DIMENSION DLC (Legends Z-A) - CUSTOM OT,,,,,1000,Pokémon Legends: Z-A,Nintendo Switch,,,,,,,,,,,,,,,D:\chromedownload\批量产图\output\output_Liepard.png|D:\chromedownload\批量产图\Gemini_Generated_Image_5sh1k65sh1k65sh1.png,,,"<h1>SHINY LIEPARD 6IV + FREE MASTERBALL GIFT</h1>
<p>Purchasing the DLC is not required; trades can also be made with players who do not own it.</p>
<p><strong>How to trade in Pokémon Legends Z-A:</strong></p>
<p>Press ""+"" and select ""Begin Searching"".</p>",FixedPrice,GTC,4.49,,,,,10,,China,,,,,,3,,,ReturnsNotAccepted,,,,,,,,,,,,,,,,,,,,,,,,,,,,,
Add,,139973,,6IV Shiny Fidough Legends ZA MEGA DIMENSION DLC (Legends Z-A) - CUSTOM OT,,,,,1000,Pokémon Legends: Z-A,Nintendo Switch,,,,,,,,,,,,,,,D:\chromedownload\批量产图\output\output_Fidough.png|D:\chromedownload\批量产图\Gemini_Generated_Image_5sh1k65sh1k65sh1.png,,,"<h1>SHINY FIDOUGH 6IV + FREE MASTERBALL GIFT</h1>
<p>Purchasing the DLC is not required; trades can also be made with players who do not own it.</p>
<p><strong>How to trade in Pokémon Legends Z-A:</strong></p>
<p>Press ""+"" and select ""Begin Searching"".</p>",FixedPrice,GTC,4.49,,,,,10,,China,,,,,,3,,,ReturnsNotAccepted,,,,,,,,,,,,,,,,,,,,,,,,,,,,,
Add,,139973,,6IV Shiny Marshtomp Legends ZA MEGA DIMENSION DLC (Legends Z-A) - CUSTOM OT,,,,,1000,Pokémon Legends: Z-A,Nintendo Switch,,,,,,,,,,,,,,,D:\chromedownload\批量产图\output\output_Marshtomp.png|D:\chromedownload\批量产图\Gemini_Generated_Image_5sh1k65sh1k65sh1.png,,,"<h1>SHINY MARSHTOMP 6IV + FREE MASTERBALL GIFT</h1>
<p>Purchasing the DLC is not required; trades can also be made with players who do not own it.</p>
<p><strong>How to trade in Pokémon Legends Z-A:</strong></p>
<p>Press ""+"" and select ""Begin Searching"".</p>",FixedPrice,GTC,4.49,,,,,10,,China,,,,,,3,,,ReturnsNotAccepted,,,,,,,,,,,,,,,,,,,,,,,,,,,,,
Add,,139973,,6IV Shiny Cryogonal Legends ZA MEGA DIMENSION DLC (Legends Z-A) - CUSTOM OT,,,,,1000,Pokémon Legends: Z-A,Nintendo Switch,,,,,,,,,,,,,,,D:\chromedownload\批量产图\output\output_Cryogonal.png|D:\chromedownload\批量产图\Gemini_Generated_Image_5sh1k65sh1k65sh1.png,,,"<h1>SHINY CRYOGONAL 6IV + FREE MASTERBALL GIFT</h1>
<p>Purchasing the DLC is not required; trades can also be made with players who do not own it.</p>
<p><strong>How to trade in Pokémon Legends Z-A:</strong></p>
<p>Press ""+"" and select ""Begin Searching"".</p>",FixedPrice,GTC,4.49,,,,,10,,China,,,,,,3,,,ReturnsNotAccepted,,,,,,,,,,,,,,,,,,,,,,,,,,,,,
Add,,139973,,6IV Shiny Overqwil Legends ZA MEGA DIMENSION DLC (Legends Z-A) - CUSTOM OT,,,,,1000,Pokémon Legends: Z-A,Nintendo Switch,,,,,,,,,,,,,,,D:\chromedownload\批量产图\output\output_Overqwil.png|D:\chromedownload\批量产图\Gemini_Generated_Image_5sh1k65sh1k65sh1.png,,,"<h1>SHINY OVERQWIL 6IV + FREE MASTERBALL GIFT</h1>
<p>Purchasing the DLC is not required; trades can also be made with players who do not own it.</p>
<p><strong>How to trade in Pokémon Legends Z-A:</strong></p>
<p>Press ""+"" and select ""Begin Searching"".</p>",FixedPrice,GTC,4.49,,,,,10,,China,,,,,,3,,,ReturnsNotAccepted,,,,,,,,,,,,,,,,,,,,,,,,,,,,,
Add,,139973,,6IV Shiny Porygon Z Legends ZA MEGA DIMENSION DLC (Legends Z-A) - CUSTOM OT,,,,,1000,Pokémon Legends: Z-A,Nintendo Switch,,,,,,,,,,,,,,,D:\chromedownload\批量产图\output\output_Porygon_Z.png|D:\chromedownload\批量产图\Gemini_Generated_Image_5sh1k65sh1k65sh1.png,,,"<h1>SHINY PORYGON Z 6IV + FREE MASTERBALL GIFT</h1>
<p>Purchasing the DLC is not required; trades can also be made with players who do not own it.</p>
<p><strong>How to trade in Pokémon Legends Z-A:</strong></p>
<p>Press ""+"" and select ""Begin Searching"".</p>",FixedPrice,GTC,4.49,,,,,10,,China,,,,,,3,,,ReturnsNotAccepted,,,,,,,,,,,,,,,,,,,,,,,,,,,,,
Add,,139973,,6IV Shiny Clobbopus Legends ZA MEGA DIMENSION DLC (Legends Z-A) - CUSTOM OT,,,,,1000,Pokémon Legends: Z-A,Nintendo Switch,,,,,,,,,,,,,,,D:\chromedownload\批量产图\output\output_Clobbopus.png|D:\chromedownload\批量产图\Gemini_Generated_Image_5sh1k65sh1k65sh1.png,,,"<h1>SHINY CLOBBOPUS 6IV + FREE MASTERBALL GIFT</h1>
<p>Purchasing the DLC is not required; trades can also be made with players who do not own it.</p>
<p><strong>How to trade in Pokémon Legends Z-A:</strong></p>
<p>Press ""+"" and select ""Begin Searching"".</p>",FixedPrice,GTC,4.49,,,,,10,,China,,,,,,3,,,ReturnsNotAccepted,,,,,,,,,,,,,,,,,,,,,,,,,,,,,
Add,,139973,,6IV Shiny Primeape Legends ZA MEGA DIMENSION DLC (Legends Z-A) - CUSTOM OT,,,,,1000,Pokémon Legends: Z-A,Nintendo Switch,,,,,,,,,,,,,,,D:\chromedownload\批量产图\output\output_Primeape.png|D:\chromedownload\批量产图\Gemini_Generated_Image_5sh1k65sh1k65sh1.png,,,"<h1>SHINY PRIMEAPE 6IV + FREE MASTERBALL GIFT</h1>
<p>Purchasing the DLC is not required; trades can also be made with players who do not own it.</p>
<p><strong>How to trade in Pokémon Legends Z-A:</strong></p>
<p>Press ""+"" and select ""Begin Searching"".</p>",FixedPrice,GTC,4.49,,,,,10,,China,,,,,,3,,,ReturnsNotAccepted,,,,,,,,,,,,,,,,,,,,,,,,,,,,,
Add,,139973,,6IV Shiny Corvisquire Legends ZA MEGA DIMENSION DLC (Legends Z-A) - CUSTOM OT,,,,,1000,Pokémon Legends: Z-A,Nintendo Switch,,,,,,,,,,,,,,,D:\chromedownload\批量产图\output\output_Corvisquire.png|D:\chromedownload\批量产图\Gemini_Generated_Image_5sh1k65sh1k65sh1.png,,,"<h1>SHINY CORVISQUIRE 6IV + FREE MASTERBALL GIFT</h1>
<p>Purchasing the DLC is not required; trades can also be made with players who do not own it.</p>
<p><strong>How to trade in Pokémon Legends Z-A:</strong></p>
<p>Press ""+"" and select ""Begin Searching"".</p>",FixedPrice,GTC,4.49,,,,,10,,China,,,,,,3,,,ReturnsNotAccepted,,,,,,,,,,,,,,,,,,,,,,,,,,,,,
Add,,139973,,6IV Shiny Qwilfish Hisuian Legends ZA MEGA DIMENSION DLC (Legends Z-A) - CUSTOM OT,,,,,1000,Pokémon Legends: Z-A,Nintendo Switch,,,,,,,,,,,,,,,D:\chromedownload\批量产图\output\output_Qwilfish_Hisuian.png|D:\chromedownload\批量产图\Gemini_Generated_Image_5sh1k65sh1k65sh1.png,,,"<h1>SHINY QWILFISH HISUIAN 6IV + FREE MASTERBALL GIFT</h1>
<p>Purchasing the DLC is not required; trades can also be made with players who do not own it.</p>
<p><strong>How to trade in Pokémon Legends Z-A:</strong></p>
<p>Press ""+"" and select ""Begin Searching"".</p>",FixedPrice,GTC,4.49,,,,,10,,China,,,,,,3,,,ReturnsNotAccepted,,,,,,,,,,,,,,,,,,,,,,,,,,,,,
Add,,139973,,6IV Shiny Flamigo Legends ZA MEGA DIMENSION DLC (Legends Z-A) - CUSTOM OT,,,,,1000,Pokémon Legends: Z-A,Nintendo Switch,,,,,,,,,,,,,,,D:\chromedownload\批量产图\output\output_Flamigo.png|D:\chromedownload\批量产图\Gemini_Generated_Image_5sh1k65sh1k65sh1.png,,,"<h1>SHINY FLAMIGO 6IV + FREE MASTERBALL GIFT</h1>
<p>Purchasing the DLC is not required; trades can also be made with players who do not own it.</p>
<p><strong>How to trade in Pokémon Legends Z-A:</strong></p>
<p>Press ""+"" and select ""Begin Searching"".</p>",FixedPrice,GTC,4.49,,,,,10,,China,,,,,,3,,,ReturnsNotAccepted,,,,,,,,,,,,,,,,,,,,,,,,,,,,,
Add,,139973,,6IV Shiny Yamask Galarian Legends ZA MEGA DIMENSION DLC (Legends Z-A) - CUSTOM OT,,,,,1000,Pokémon Legends: Z-A,Nintendo Switch,,,,,,,,,,,,,,,D:\chromedownload\批量产图\output\output_Yamask_Galarian.png|D:\chromedownload\批量产图\Gemini_Generated_Image_5sh1k65sh1k65sh1.png,,,"<h1>SHINY YAMASK GALARIAN 6IV + FREE MASTERBALL GIFT</h1>
<p>Purchasing the DLC is not required; trades can also be made with players who do not own it.</p>
<p><strong>How to trade in Pokémon Legends Z-A:</strong></p>
<p>Press ""+"" and select ""Begin Searching"".</p>",FixedPrice,GTC,4.49,,,,,10,,China,,,,,,3,,,ReturnsNotAccepted,,,,,,,,,,,,,,,,,,,,,,,,,,,,,
Add,,139973,,6IV Shiny Perrserker Legends ZA MEGA DIMENSION DLC (Legends Z-A) - CUSTOM OT,,,,,1000,Pokémon Legends: Z-A,Nintendo Switch,,,,,,,,,,,,,,,D:\chromedownload\批量产图\output\output_Perrserker.png|D:\chromedownload\批量产图\Gemini_Generated_Image_5sh1k65sh1k65sh1.png,,,"<h1>SHINY PERRSERKER 6IV + FREE MASTERBALL GIFT</h1>
<p>Purchasing the DLC is not required; trades can also be made with players who do not own it.</p>
<p><strong>How to trade in Pokémon Legends Z-A:</strong></p>
<p>Press ""+"" and select ""Begin Searching"".</p>",FixedPrice,GTC,4.49,,,,,10,,China,,,,,,3,,,ReturnsNotAccepted,,,,,,,,,,,,,,,,,,,,,,,,,,,,,
Add,,139973,,6IV Shiny Wash Rotom Legends ZA MEGA DIMENSION DLC (Legends Z-A) - CUSTOM OT,,,,,1000,Pokémon Legends: Z-A,Nintendo Switch,,,,,,,,,,,,,,,D:\chromedownload\批量产图\output\output_Wash_Rotom.png|D:\chromedownload\批量产图\Gemini_Generated_Image_5sh1k65sh1k65sh1.png,,,"<h1>SHINY WASH ROTOM 6IV + FREE MASTERBALL GIFT</h1>
<p>Purchasing the DLC is not required; trades can also be made with players who do not own it.</p>
<p><strong>How to trade in Pokémon Legends Z-A:</strong></p>
<p>Press ""+"" and select ""Begin Searching"".</p>",FixedPrice,GTC,4.49,,,,,10,,China,,,,,,3,,,ReturnsNotAccepted,,,,,,,,,,,,,,,,,,,,,,,,,,,,,
Add,,139973,,6IV Shiny Mabosstiff Legends ZA MEGA DIMENSION DLC (Legends Z-A) - CUSTOM OT,,,,,1000,Pokémon Legends: Z-A,Nintendo Switch,,,,,,,,,,,,,,,D:\chromedownload\批量产图\output\output_Mabosstiff.png|D:\chromedownload\批量产图\Gemini_Generated_Image_5sh1k65sh1k65sh1.png,,,"<h1>SHINY MABOSSTIFF 6IV + FREE MASTERBALL GIFT</h1>
<p>Purchasing the DLC is not required; trades can also be made with players who do not own it.</p>
<p><strong>How to trade in Pokémon Legends Z-A:</strong></p>
<p>Press ""+"" and select ""Begin Searching"".</p>",FixedPrice,GTC,4.49,,,,,10,,China,,,,,,3,,,ReturnsNotAccepted,,,,,,,,,,,,,,,,,,,,,,,,,,,,,
Add,,139973,,6IV Shiny Garganacl Legends ZA MEGA DIMENSION DLC (Legends Z-A) - CUSTOM OT,,,,,1000,Pokémon Legends: Z-A,Nintendo Switch,,,,,,,,,,,,,,,D:\chromedownload\批量产图\output\output_Garganacl.png|D:\chromedownload\批量产图\Gemini_Generated_Image_5sh1k65sh1k65sh1.png,,,"<h1>SHINY GARGANACL 6IV + FREE MASTERBALL GIFT</h1>
<p>Purchasing the DLC is not required; trades can also be made with players who do not own it.</p>
<p><strong>How to trade in Pokémon Legends Z-A:</strong></p>
<p>Press ""+"" and select ""Begin Searching"".</p>",FixedPrice,GTC,4.49,,,,,10,,China,,,,,,3,,,ReturnsNotAccepted,,,,,,,,,,,,,,,,,,,,,,,,,,,,,
Add,,139973,,6IV Shiny Swalot Legends ZA MEGA DIMENSION DLC (Legends Z-A) - CUSTOM OT,,,,,1000,Pokémon Legends: Z-A,Nintendo Switch,,,,,,,,,,,,,,,D:\chromedownload\批量产图\output\output_Swalot.png|D:\chromedownload\批量产图\Gemini_Generated_Image_5sh1k65sh1k65sh1.png,,,"<h1>SHINY SWALOT 6IV + FREE MASTERBALL GIFT</h1>
<p>Purchasing the DLC is not required; trades can also be made with players who do not own it.</p>
<p><strong>How to trade in Pokémon Legends Z-A:</strong></p>
<p>Press ""+"" and select ""Begin Searching"".</p>",FixedPrice,GTC,4.49,,,,,10,,China,,,,,,3,,,ReturnsNotAccepted,,,,,,,,,,,,,,,,,,,,,,,,,,,,,
Add,,139973,,6IV Shiny Staravia Legends ZA MEGA DIMENSION DLC (Legends Z-A) - CUSTOM OT,,,,,1000,Pokémon Legends: Z-A,Nintendo Switch,,,,,,,,,,,,,,,D:\chromedownload\批量产图\output\output_Staravia.png|D:\chromedownload\批量产图\Gemini_Generated_Image_5sh1k65sh1k65sh1.png,,,"<h1>SHINY STARAVIA 6IV + FREE MASTERBALL GIFT</h1>
<p>Purchasing the DLC is not required; trades can also be made with players who do not own it.</p>
<p><strong>How to trade in Pokémon Legends Z-A:</strong></p>
<p>Press ""+"" and select ""Begin Searching"".</p>",FixedPrice,GTC,4.49,,,,,10,,China,,,,,,3,,,ReturnsNotAccepted,,,,,,,,,,,,,,,,,,,,,,,,,,,,,
Add,,139973,,6IV Shiny Fan Rotom Legends ZA MEGA DIMENSION DLC (Legends Z-A) - CUSTOM OT,,,,,1000,Pokémon Legends: Z-A,Nintendo Switch,,,,,,,,,,,,,,,D:\chromedownload\批量产图\output\output_Fan_Rotom.png|D:\chromedownload\批量产图\Gemini_Generated_Image_5sh1k65sh1k65sh1.png,,,"<h1>SHINY FAN ROTOM 6IV + FREE MASTERBALL GIFT</h1>
<p>Purchasing the DLC is not required; trades can also be made with players who do not own it.</p>
<p><strong>How to trade in Pokémon Legends Z-A:</strong></p>
<p>Press ""+"" and select ""Begin Searching"".</p>",FixedPrice,GTC,4.49,,,,,10,,China,,,,,,3,,,ReturnsNotAccepted,,,,,,,,,,,,,,,,,,,,,,,,,,,,,
Add,,139973,,6IV Shiny Porygon Legends ZA MEGA DIMENSION DLC (Legends Z-A) - CUSTOM OT,,,,,1000,Pokémon Legends: Z-A,Nintendo Switch,,,,,,,,,,,,,,,D:\chromedownload\批量产图\output\output_Porygon.png|D:\chromedownload\批量产图\Gemini_Generated_Image_5sh1k65sh1k65sh1.png,,,"<h1>SHINY PORYGON 6IV + FREE MASTERBALL GIFT</h1>
<p>Purchasing the DLC is not required; trades can also be made with players who do not own it.</p>
<p><strong>How to trade in Pokémon Legends Z-A:</strong></p>
<p>Press ""+"" and select ""Begin Searching"".</p>",FixedPrice,GTC,4.49,,,,,10,,China,,,,,,3,,,ReturnsNotAccepted,,,,,,,,,,,,,,,,,,,,,,,,,,,,,
Add,,139973,,6IV Shiny Persian Legends ZA MEGA DIMENSION DLC (Legends Z-A) - CUSTOM OT,,,,,1000,Pokémon Legends: Z-A,Nintendo Switch,,,,,,,,,,,,,,,D:\chromedownload\批量产图\output\output_Persian.png|D:\chromedownload\批量产图\Gemini_Generated_Image_5sh1k65sh1k65sh1.png,,,"<h1>SHINY PERSIAN 6IV + FREE MASTERBALL GIFT</h1>
<p>Purchasing the DLC is not required; trades can also be made with players who do not own it.</p>
<p><strong>How to trade in Pokémon Legends Z-A:</strong></p>
<p>Press ""+"" and select ""Begin Searching"".</p>",FixedPrice,GTC,4.49,,,,,10,,China,,,,,,3,,,ReturnsNotAccepted,,,,,,,,,,,,,,,,,,,,,,,,,,,,,
Add,,139973,,6IV Shiny Gulpin Legends ZA MEGA DIMENSION DLC (Legends Z-A) - CUSTOM OT,,,,,1000,Pokémon Legends: Z-A,Nintendo Switch,,,,,,,,,,,,,,,D:\chromedownload\批量产图\output\output_Gulpin.png|D:\chromedownload\批量产图\Gemini_Generated_Image_5sh1k65sh1k65sh1.png,,,"<h1>SHINY GULPIN 6IV + FREE MASTERBALL GIFT</h1>
<p>Purchasing the DLC is not required; trades can also be made with players who do not own it.</p>
<p><strong>How to trade in Pokémon Legends Z-A:</strong></p>
<p>Press ""+"" and select ""Begin Searching"".</p>",FixedPrice,GTC,4.49,,,,,10,,China,,,,,,3,,,ReturnsNotAccepted,,,,,,,,,,,,,,,,,,,,,,,,,,,,,
Add,,139973,,6IV Shiny Heat Rotom Legends ZA MEGA DIMENSION DLC (Legends Z-A) - CUSTOM OT,,,,,1000,Pokémon Legends: Z-A,Nintendo Switch,,,,,,,,,,,,,,,D:\chromedownload\批量产图\output\output_Heat_Rotom.png|D:\chromedownload\批量产图\Gemini_Generated_Image_5sh1k65sh1k65sh1.png,,,"<h1>SHINY HEAT ROTOM 6IV + FREE MASTERBALL GIFT</h1>
<p>Purchasing the DLC is not required; trades can also be made with players who do not own it.</p>
<p><strong>How to trade in Pokémon Legends Z-A:</strong></p>
<p>Press ""+"" and select ""Begin Searching"".</p>",FixedPrice,GTC,4.49,,,,,10,,China,,,,,,3,,,ReturnsNotAccepted,,,,,,,,,,,,,,,,,,,,,,,,,,,,,
Add,,139973,,6IV Shiny Meowth Galarian Legends ZA MEGA DIMENSION DLC (Legends Z-A) - CUSTOM OT,,,,,1000,Pokémon Legends: Z-A,Nintendo Switch,,,,,,,,,,,,,,,D:\chromedownload\批量产图\output\output_Meowth_Galarian.png|D:\chromedownload\批量产图\Gemini_Generated_Image_5sh1k65sh1k65sh1.png,,,"<h1>SHINY MEOWTH GALARIAN 6IV + FREE MASTERBALL GIFT</h1>
<p>Purchasing the DLC is not required; trades can also be made with players who do not own it.</p>
<p><strong>How to trade in Pokémon Legends Z-A:</strong></p>
<p>Press ""+"" and select ""Begin Searching"".</p>",FixedPrice,GTC,4.49,,,,,10,,China,,,,,,3,,,ReturnsNotAccepted,,,,,,,,,,,,,,,,,,,,,,,,,,,,,
Add,,139973,,6IV Shiny Meowth Alolan Legends ZA MEGA DIMENSION DLC (Legends Z-A) - CUSTOM OT,,,,,1000,Pokémon Legends: Z-A,Nintendo Switch,,,,,,,,,,,,,,,D:\chromedownload\批量产图\output\output_Meowth_Alolan.png|D:\chromedownload\批量产图\Gemini_Generated_Image_5sh1k65sh1k65sh1.png,,,"<h1>SHINY MEOWTH ALOLAN 6IV + FREE MASTERBALL GIFT</h1>
<p>Purchasing the DLC is not required; trades can also be made with players who do not own it.</p>
<p><strong>How to trade in Pokémon Legends Z-A:</strong></p>
<p>Press ""+"" and select ""Begin Searching"".</p>",FixedPrice,GTC,4.49,,,,,10,,China,,,,,,3,,,ReturnsNotAccepted,,,,,,,,,,,,,,,,,,,,,,,,,,,,,
Add,,139973,,6IV Shiny Toxtricity Amped Legends ZA MEGA DIMENSION DLC (Legends Z-A) - CUSTOM OT,,,,,1000,Pokémon Legends: Z-A,Nintendo Switch,,,,,,,,,,,,,,,D:\chromedownload\批量产图\output\output_Toxtricity_Amped.png|D:\chromedownload\批量产图\Gemini_Generated_Image_5sh1k65sh1k65sh1.png,,,"<h1>SHINY TOXTRICITY AMPED 6IV + FREE MASTERBALL GIFT</h1>
<p>Purchasing the DLC is not required; trades can also be made with players who do not own it.</p>
<p><strong>How to trade in Pokémon Legends Z-A:</strong></p>
<p>Press ""+"" and select ""Begin Searching"".</p>",FixedPrice,GTC,4.49,,,,,10,,China,,,,,,3,,,ReturnsNotAccepted,,,,,,,,,,,,,,,,,,,,,,,,,,,,,
Add,,139973,,6IV Shiny Dachsbun Legends ZA MEGA DIMENSION DLC (Legends Z-A) - CUSTOM OT,,,,,1000,Pokémon Legends: Z-A,Nintendo Switch,,,,,,,,,,,,,,,D:\chromedownload\批量产图\output\output_Dachsbun.png|D:\chromedownload\批量产图\Gemini_Generated_Image_5sh1k65sh1k65sh1.png,,,"<h1>SHINY DACHSBUN 6IV + FREE MASTERBALL GIFT</h1>
<p>Purchasing the DLC is not required; trades can also be made with players who do not own it.</p>
<p><strong>How to trade in Pokémon Legends Z-A:</strong></p>
<p>Press ""+"" and select ""Begin Searching"".</p>",FixedPrice,GTC,4.49,,,,,10,,China,,,,,,3,,,ReturnsNotAccepted,,,,,,,,,,,,,,,,,,,,,,,,,,,,,
Add,,139973,,6IV Shiny Porygon2 Legends ZA MEGA DIMENSION DLC (Legends Z-A) - CUSTOM OT,,,,,1000,Pokémon Legends: Z-A,Nintendo Switch,,,,,,,,,,,,,,,D:\chromedownload\批量产图\output\output_Porygon2.png|D:\chromedownload\批量产图\Gemini_Generated_Image_5sh1k65sh1k65sh1.png,,,"<h1>SHINY PORYGON2 6IV + FREE MASTERBALL GIFT</h1>
<p>Purchasing the DLC is not required; trades can also be made with players who do not own it.</p>
<p><strong>How to trade in Pokémon Legends Z-A:</strong></p>
<p>Press ""+"" and select ""Begin Searching"".</p>",FixedPrice,GTC,4.49,,,,,10,,China,,,,,,3,,,ReturnsNotAccepted,,,,,,,,,,,,,,,,,,,,,,,,,,,,,
Add,,139973,,6IV Shiny Jigglypuff Legends ZA MEGA DIMENSION DLC (Legends Z-A) - CUSTOM OT,,,,,1000,Pokémon Legends: Z-A,Nintendo Switch,,,,,,,,,,,,,,,D:\chromedownload\批量产图\output\output_Jigglypuff.png|D:\chromedownload\批量产图\Gemini_Generated_Image_5sh1k65sh1k65sh1.png,,,"<h1>SHINY JIGGLYPUFF 6IV + FREE MASTERBALL GIFT</h1>
<p>Purchasing the DLC is not required; trades can also be made with players who do not own it.</p>
<p><strong>How to trade in Pokémon Legends Z-A:</strong></p>
<p>Press ""+"" and select ""Begin Searching"".</p>",FixedPrice,GTC,4.49,,,,,10,,China,,,,,,3,,,ReturnsNotAccepted,,,,,,,,,,,,,,,,,,,,,,,,,,,,,
Add,,139973,,6IV Shiny Mime Jr. Legends ZA MEGA DIMENSION DLC (Legends Z-A) - CUSTOM OT,,,,,1000,Pokémon Legends: Z-A,Nintendo Switch,,,,,,,,,,,,,,,D:\chromedownload\批量产图\output\output_Mime_Jr.png|D:\chromedownload\批量产图\Gemini_Generated_Image_5sh1k65sh1k65sh1.png,,,"<h1>SHINY MIME JR. 6IV + FREE MASTERBALL GIFT</h1>
<p>Purchasing the DLC is not required; trades can also be made with players who do not own it.</p>
<p><strong>How to trade in Pokémon Legends Z-A:</strong></p>
<p>Press ""+"" and select ""Begin Searching"".</p>",FixedPrice,GTC,4.49,,,,,10,,China,,,,,,3,,,ReturnsNotAccepted,,,,,,,,,,,,,,,,,,,,,,,,,,,,,
Add,,139973,,6IV Shiny Toxtricity Low Key Legends ZA MEGA DIMENSION DLC (Legends Z-A) - CUSTOM OT,,,,,1000,Pokémon Legends: Z-A,Nintendo Switch,,,,,,,,,,,,,,,D:\chromedownload\批量产图\output\output_Toxtricity_Low_Key.png|D:\chromedownload\批量产图\Gemini_Generated_Image_5sh1k65sh1k65sh1.png,,,"<h1>SHINY TOXTRICITY LOW KEY 6IV + FREE MASTERBALL GIFT</h1>
<p>Purchasing the DLC is not required; trades can also be made with players who do not own it.</p>
<p><strong>How to trade in Pokémon Legends Z-A:</strong></p>
<p>Press ""+"" and select ""Begin Searching"".</p>",FixedPrice,GTC,4.49,,,,,10,,China,,,,,,3,,,ReturnsNotAccepted,,,,,,,,,,,,,,,,,,,,,,,,,,,,,
Add,,139973,,6IV Shiny Indeedee Male Legends ZA MEGA DIMENSION DLC (Legends Z-A) - CUSTOM OT,,,,,1000,Pokémon Legends: Z-A,Nintendo Switch,,,,,,,,,,,,,,,D:\chromedownload\批量产图\output\output_Indeedee_Male.png|D:\chromedownload\批量产图\Gemini_Generated_Image_5sh1k65sh1k65sh1.png,,,"<h1>SHINY INDEEDEE MALE 6IV + FREE MASTERBALL GIFT</h1>
<p>Purchasing the DLC is not required; trades can also be made with players who do not own it.</p>
<p><strong>How to trade in Pokémon Legends Z-A:</strong></p>
<p>Press ""+"" and select ""Begin Searching"".</p>",FixedPrice,GTC,4.49,,,,,10,,China,,,,,,3,,,ReturnsNotAccepted,,,,,,,,,,,,,,,,,,,,,,,,,,,,,
Add,,139973,,6IV Shiny Toxtricity Legends ZA MEGA DIMENSION DLC (Legends Z-A) - CUSTOM OT,,,,,1000,Pokémon Legends: Z-A,Nintendo Switch,,,,,,,,,,,,,,,D:\chromedownload\批量产图\output\output_Toxtricity.png|D:\chromedownload\批量产图\Gemini_Generated_Image_5sh1k65sh1k65sh1.png,,,"<h1>SHINY TOXTRICITY 6IV + FREE MASTERBALL GIFT</h1>
<p>Purchasing the DLC is not required; trades can also be made with players who do not own it.</p>
<p><strong>How to trade in Pokémon Legends Z-A:</strong></p>
<p>Press ""+"" and select ""Begin Searching"".</p>",FixedPrice,GTC,4.49,,,,,10,,China,,,,,,3,,,ReturnsNotAccepted,,,,,,,,,,,,,,,,,,,,,,,,,,,,,
Add,,139973,,6IV Shiny Indeedee Female Legends ZA MEGA DIMENSION DLC (Legends Z-A) - CUSTOM OT,,,,,1000,Pokémon Legends: Z-A,Nintendo Switch,,,,,,,,,,,,,,,D:\chromedownload\批量产图\output\output_Indeedee_Female.png|D:\chromedownload\批量产图\Gemini_Generated_Image_5sh1k65sh1k65sh1.png,,,"<h1>SHINY INDEEDEE FEMALE 6IV + FREE MASTERBALL GIFT</h1>
<p>Purchasing the DLC is not required; trades can also be made with players who do not own it.</p>
<p><strong>How to trade in Pokémon Legends Z-A:</strong></p>
<p>Press ""+"" and select ""Begin Searching"".</p>",FixedPrice,GTC,4.49,,,,,10,,China,,,,,,3,,,ReturnsNotAccepted,,,,,,,,,,,,,,,,,,,,,,,,,,,,,
